identifier1	identifier2	annotator	judgment	comment	lemma
2532889X_1947-07-13_02_059.tcf.xml-16-12	2532889X_1949-10-09_01_039.tcf.xml-11-13	inferred	1	 	Manschette
2532889X_1947-07-13_02_059.tcf.xml-16-12	2532889X_1953-04-22_01_051.tcf.xml-37-29	inferred	1	 	Manschette
2532889X_1947-07-13_02_059.tcf.xml-16-12	2532889X_1965-10-24_01_236.tcf.xml-10-3	inferred	1	 	Manschette
2532889X_1947-07-13_02_059.tcf.xml-16-12	2532889X_1966-11-27_01_243.tcf.xml-5-14	inferred	1	 	Manschette
2532889X_1947-07-13_02_059.tcf.xml-16-12	2532889X_1967-01-15_01_271.tcf.xml-29-5	inferred	0	 	Manschette
2532889X_1947-07-13_02_059.tcf.xml-16-12	2532889X_1972-09-02_01_044.tcf.xml-9-23	inferred	0	 	Manschette
2532889X_1947-07-13_02_059.tcf.xml-16-12	2532889X_1988-08-27_01_200.tcf.xml-20-10	inferred	0	 	Manschette
2532889X_1947-07-13_02_059.tcf.xml-16-12	26120215_1949_11_02_01_037.tcf.xml-38-18	inferred	1	 	Manschette
2532889X_1947-07-13_02_059.tcf.xml-16-12	26120215_1960_08_21_01_550.tcf.xml-1-12	inferred	0	 	Manschette
2532889X_1947-07-13_02_059.tcf.xml-16-12	26120215_1961_11_19_01_252.tcf.xml-6-33	inferred	1	 	Manschette
2532889X_1947-07-13_02_059.tcf.xml-16-12	26120215_1965_01_10_01_386.tcf.xml-161-23	inferred	1	 	Manschette
2532889X_1947-07-13_02_059.tcf.xml-16-12	26120215_1965_12_24_01_260.tcf.xml-7-6	inferred	1	 	Manschette
2532889X_1947-07-13_02_059.tcf.xml-16-12	26120215_1968_03_31_01_226.tcf.xml-48-44	inferred	0	 	Manschette
2532889X_1947-07-13_02_059.tcf.xml-16-12	26120215_1969_02_02_01_188.tcf.xml-9-11	inferred	1	 	Manschette
2532889X_1947-07-13_02_059.tcf.xml-16-12	26120215_1977_01_03_01_031.tcf.xml-12-1	inferred	0	 	Manschette
2532889X_1947-07-13_02_059.tcf.xml-16-12	26120215_1985_04_06_01_236.tcf.xml-6-10	inferred	0	 	Manschette
2532889X_1947-07-13_02_059.tcf.xml-16-12	26120215_1986_08_08_01_111.tcf.xml-6-19	inferred	1	 	Manschette
2532889X_1947-07-13_02_059.tcf.xml-16-12	26120215_1989_12_09_01_386.tcf.xml-368-2	inferred	1	 	Manschette
2532889X_1947-07-13_02_059.tcf.xml-16-12	arnimb_goethe02_1835-21-13	inferred	1	 	Manschette
2532889X_1947-07-13_02_059.tcf.xml-16-12	aston_emancipation_1846-250-11	inferred	1	 	Manschette
2532889X_1947-07-13_02_059.tcf.xml-16-12	avelallemant_gaunerthum02_1858-2188-11	inferred	1	 	Manschette
2532889X_1947-07-13_02_059.tcf.xml-16-12	buechner_werke_1879-5490-17	inferred	1	 	Manschette
2532889X_1947-07-13_02_059.tcf.xml-16-12	falke_trachten02_1858-1207-16	inferred	1	 	Manschette
2532889X_1947-07-13_02_059.tcf.xml-16-12	falke_trachten02_1858-1657-40	inferred	1	 	Manschette
2532889X_1947-07-13_02_059.tcf.xml-16-12	falke_trachten02_1858-1840-46	inferred	1	 	Manschette
2532889X_1947-07-13_02_059.tcf.xml-16-12	falke_trachten02_1858-2068-4	inferred	1	 	Manschette
2532889X_1947-07-13_02_059.tcf.xml-16-12	falke_trachten02_1858-2512-40	inferred	1	 	Manschette
2532889X_1947-07-13_02_059.tcf.xml-16-12	gutzkow_zeitgenossen01_1842-539-17	inferred	1	 	Manschette
2532889X_1947-07-13_02_059.tcf.xml-16-12	heine_lieder_1827-54-16	inferred	1	 	Manschette
2532889X_1947-07-13_02_059.tcf.xml-16-12	krane_reitpferd_1856-1715-26	inferred	1	 	Manschette
2532889X_1947-07-13_02_059.tcf.xml-16-12	kuernberger_amerikamuede_1855-849-7	inferred	1	 	Manschette
2532889X_1947-07-13_02_059.tcf.xml-16-12	meyer_jenatsch_1876-1251-2	inferred	1	 	Manschette
2532889X_1947-07-13_02_059.tcf.xml-16-12	meyer_jenatsch_1876-534-13	inferred	1	 	Manschette
2532889X_1947-07-13_02_059.tcf.xml-16-12	michelis_reiseschule_1869-402-1	inferred	1	 	Manschette
2532889X_1947-07-13_02_059.tcf.xml-16-12	michelis_reiseschule_1869-404-3	inferred	1	 	Manschette
2532889X_1947-07-13_02_059.tcf.xml-16-12	mommsen_roemische03_1856-1593-11	inferred	1	 	Manschette
2532889X_1947-07-13_02_059.tcf.xml-16-12	mosen_galerie_1844-259-42	inferred	1	 	Manschette
2532889X_1947-07-13_02_059.tcf.xml-16-12	paul_titan01_1800-832-144	inferred	1	 	Manschette
2532889X_1947-07-13_02_059.tcf.xml-16-12	polenz_buettnerbauer_1895-5600-16	inferred	1	 	Manschette
2532889X_1947-07-13_02_059.tcf.xml-16-12	raabe_odfeld_1889-2018-4	inferred	1	 	Manschette
2532889X_1947-07-13_02_059.tcf.xml-16-12	storm_immensee_1852-231-13	inferred	1	 	Manschette
2532889X_1949-10-09_01_039.tcf.xml-11-13	2532889X_1953-04-22_01_051.tcf.xml-37-29	inferred	1	 	Manschette
2532889X_1949-10-09_01_039.tcf.xml-11-13	2532889X_1965-10-24_01_236.tcf.xml-10-3	inferred	1	 	Manschette
2532889X_1949-10-09_01_039.tcf.xml-11-13	2532889X_1966-11-27_01_243.tcf.xml-5-14	inferred	1	 	Manschette
2532889X_1949-10-09_01_039.tcf.xml-11-13	2532889X_1967-01-15_01_271.tcf.xml-29-5	inferred	0	 	Manschette
2532889X_1949-10-09_01_039.tcf.xml-11-13	2532889X_1972-09-02_01_044.tcf.xml-9-23	inferred	0	 	Manschette
2532889X_1949-10-09_01_039.tcf.xml-11-13	2532889X_1988-08-27_01_200.tcf.xml-20-10	inferred	0	 	Manschette
2532889X_1949-10-09_01_039.tcf.xml-11-13	26120215_1949_11_02_01_037.tcf.xml-38-18	inferred	1	 	Manschette
2532889X_1949-10-09_01_039.tcf.xml-11-13	26120215_1960_08_21_01_550.tcf.xml-1-12	inferred	0	 	Manschette
2532889X_1949-10-09_01_039.tcf.xml-11-13	26120215_1961_11_19_01_252.tcf.xml-6-33	inferred	1	 	Manschette
2532889X_1949-10-09_01_039.tcf.xml-11-13	26120215_1965_01_10_01_386.tcf.xml-161-23	inferred	1	 	Manschette
2532889X_1949-10-09_01_039.tcf.xml-11-13	26120215_1965_12_24_01_260.tcf.xml-7-6	inferred	1	 	Manschette
2532889X_1949-10-09_01_039.tcf.xml-11-13	26120215_1968_03_31_01_226.tcf.xml-48-44	inferred	0	 	Manschette
2532889X_1949-10-09_01_039.tcf.xml-11-13	26120215_1969_02_02_01_188.tcf.xml-9-11	inferred	1	 	Manschette
2532889X_1949-10-09_01_039.tcf.xml-11-13	26120215_1977_01_03_01_031.tcf.xml-12-1	inferred	0	 	Manschette
2532889X_1949-10-09_01_039.tcf.xml-11-13	26120215_1985_04_06_01_236.tcf.xml-6-10	inferred	0	 	Manschette
2532889X_1949-10-09_01_039.tcf.xml-11-13	26120215_1986_08_08_01_111.tcf.xml-6-19	inferred	1	 	Manschette
2532889X_1949-10-09_01_039.tcf.xml-11-13	26120215_1989_12_09_01_386.tcf.xml-368-2	inferred	1	 	Manschette
2532889X_1949-10-09_01_039.tcf.xml-11-13	arnimb_goethe02_1835-21-13	inferred	1	 	Manschette
2532889X_1949-10-09_01_039.tcf.xml-11-13	aston_emancipation_1846-250-11	inferred	1	 	Manschette
2532889X_1949-10-09_01_039.tcf.xml-11-13	avelallemant_gaunerthum02_1858-2188-11	inferred	1	 	Manschette
2532889X_1949-10-09_01_039.tcf.xml-11-13	buechner_werke_1879-5490-17	inferred	1	 	Manschette
2532889X_1949-10-09_01_039.tcf.xml-11-13	falke_trachten02_1858-1207-16	inferred	1	 	Manschette
2532889X_1949-10-09_01_039.tcf.xml-11-13	falke_trachten02_1858-1657-40	inferred	1	 	Manschette
2532889X_1949-10-09_01_039.tcf.xml-11-13	falke_trachten02_1858-1840-46	inferred	1	 	Manschette
2532889X_1949-10-09_01_039.tcf.xml-11-13	falke_trachten02_1858-2068-4	inferred	1	 	Manschette
2532889X_1949-10-09_01_039.tcf.xml-11-13	falke_trachten02_1858-2512-40	inferred	1	 	Manschette
2532889X_1949-10-09_01_039.tcf.xml-11-13	gutzkow_zeitgenossen01_1842-539-17	inferred	1	 	Manschette
2532889X_1949-10-09_01_039.tcf.xml-11-13	heine_lieder_1827-54-16	inferred	1	 	Manschette
2532889X_1949-10-09_01_039.tcf.xml-11-13	krane_reitpferd_1856-1715-26	inferred	1	 	Manschette
2532889X_1949-10-09_01_039.tcf.xml-11-13	kuernberger_amerikamuede_1855-849-7	inferred	1	 	Manschette
2532889X_1949-10-09_01_039.tcf.xml-11-13	meyer_jenatsch_1876-1251-2	inferred	1	 	Manschette
2532889X_1949-10-09_01_039.tcf.xml-11-13	meyer_jenatsch_1876-534-13	inferred	1	 	Manschette
2532889X_1949-10-09_01_039.tcf.xml-11-13	michelis_reiseschule_1869-402-1	inferred	1	 	Manschette
2532889X_1949-10-09_01_039.tcf.xml-11-13	michelis_reiseschule_1869-404-3	inferred	1	 	Manschette
2532889X_1949-10-09_01_039.tcf.xml-11-13	mommsen_roemische03_1856-1593-11	inferred	1	 	Manschette
2532889X_1949-10-09_01_039.tcf.xml-11-13	mosen_galerie_1844-259-42	inferred	1	 	Manschette
2532889X_1949-10-09_01_039.tcf.xml-11-13	paul_titan01_1800-832-144	inferred	1	 	Manschette
2532889X_1949-10-09_01_039.tcf.xml-11-13	polenz_buettnerbauer_1895-5600-16	inferred	1	 	Manschette
2532889X_1949-10-09_01_039.tcf.xml-11-13	raabe_odfeld_1889-2018-4	inferred	1	 	Manschette
2532889X_1949-10-09_01_039.tcf.xml-11-13	storm_immensee_1852-231-13	inferred	1	 	Manschette
2532889X_1953-04-22_01_051.tcf.xml-37-29	2532889X_1965-10-24_01_236.tcf.xml-10-3	inferred	1	 	Manschette
2532889X_1953-04-22_01_051.tcf.xml-37-29	2532889X_1966-11-27_01_243.tcf.xml-5-14	inferred	1	 	Manschette
2532889X_1953-04-22_01_051.tcf.xml-37-29	2532889X_1967-01-15_01_271.tcf.xml-29-5	inferred	0	 	Manschette
2532889X_1953-04-22_01_051.tcf.xml-37-29	2532889X_1972-09-02_01_044.tcf.xml-9-23	inferred	0	 	Manschette
2532889X_1953-04-22_01_051.tcf.xml-37-29	2532889X_1988-08-27_01_200.tcf.xml-20-10	inferred	0	 	Manschette
2532889X_1953-04-22_01_051.tcf.xml-37-29	26120215_1949_11_02_01_037.tcf.xml-38-18	inferred	1	 	Manschette
2532889X_1953-04-22_01_051.tcf.xml-37-29	26120215_1960_08_21_01_550.tcf.xml-1-12	inferred	0	 	Manschette
2532889X_1953-04-22_01_051.tcf.xml-37-29	26120215_1961_11_19_01_252.tcf.xml-6-33	inferred	1	 	Manschette
2532889X_1953-04-22_01_051.tcf.xml-37-29	26120215_1965_01_10_01_386.tcf.xml-161-23	inferred	1	 	Manschette
2532889X_1953-04-22_01_051.tcf.xml-37-29	26120215_1965_12_24_01_260.tcf.xml-7-6	inferred	1	 	Manschette
2532889X_1953-04-22_01_051.tcf.xml-37-29	26120215_1968_03_31_01_226.tcf.xml-48-44	inferred	0	 	Manschette
2532889X_1953-04-22_01_051.tcf.xml-37-29	26120215_1969_02_02_01_188.tcf.xml-9-11	inferred	1	 	Manschette
2532889X_1953-04-22_01_051.tcf.xml-37-29	26120215_1977_01_03_01_031.tcf.xml-12-1	inferred	0	 	Manschette
2532889X_1953-04-22_01_051.tcf.xml-37-29	26120215_1985_04_06_01_236.tcf.xml-6-10	inferred	0	 	Manschette
2532889X_1953-04-22_01_051.tcf.xml-37-29	26120215_1986_08_08_01_111.tcf.xml-6-19	inferred	1	 	Manschette
2532889X_1953-04-22_01_051.tcf.xml-37-29	26120215_1989_12_09_01_386.tcf.xml-368-2	inferred	1	 	Manschette
2532889X_1953-04-22_01_051.tcf.xml-37-29	arnimb_goethe02_1835-21-13	inferred	1	 	Manschette
2532889X_1953-04-22_01_051.tcf.xml-37-29	aston_emancipation_1846-250-11	inferred	1	 	Manschette
2532889X_1953-04-22_01_051.tcf.xml-37-29	avelallemant_gaunerthum02_1858-2188-11	inferred	1	 	Manschette
2532889X_1953-04-22_01_051.tcf.xml-37-29	buechner_werke_1879-5490-17	inferred	1	 	Manschette
2532889X_1953-04-22_01_051.tcf.xml-37-29	falke_trachten02_1858-1207-16	inferred	1	 	Manschette
2532889X_1953-04-22_01_051.tcf.xml-37-29	falke_trachten02_1858-1657-40	inferred	1	 	Manschette
2532889X_1953-04-22_01_051.tcf.xml-37-29	falke_trachten02_1858-1840-46	inferred	1	 	Manschette
2532889X_1953-04-22_01_051.tcf.xml-37-29	falke_trachten02_1858-2068-4	inferred	1	 	Manschette
2532889X_1953-04-22_01_051.tcf.xml-37-29	falke_trachten02_1858-2512-40	inferred	1	 	Manschette
2532889X_1953-04-22_01_051.tcf.xml-37-29	gutzkow_zeitgenossen01_1842-539-17	inferred	1	 	Manschette
2532889X_1953-04-22_01_051.tcf.xml-37-29	heine_lieder_1827-54-16	inferred	1	 	Manschette
2532889X_1953-04-22_01_051.tcf.xml-37-29	krane_reitpferd_1856-1715-26	inferred	1	 	Manschette
2532889X_1953-04-22_01_051.tcf.xml-37-29	kuernberger_amerikamuede_1855-849-7	inferred	1	 	Manschette
2532889X_1953-04-22_01_051.tcf.xml-37-29	meyer_jenatsch_1876-1251-2	inferred	1	 	Manschette
2532889X_1953-04-22_01_051.tcf.xml-37-29	meyer_jenatsch_1876-534-13	inferred	1	 	Manschette
2532889X_1953-04-22_01_051.tcf.xml-37-29	michelis_reiseschule_1869-402-1	inferred	1	 	Manschette
2532889X_1953-04-22_01_051.tcf.xml-37-29	michelis_reiseschule_1869-404-3	inferred	1	 	Manschette
2532889X_1953-04-22_01_051.tcf.xml-37-29	mommsen_roemische03_1856-1593-11	inferred	1	 	Manschette
2532889X_1953-04-22_01_051.tcf.xml-37-29	mosen_galerie_1844-259-42	inferred	1	 	Manschette
2532889X_1953-04-22_01_051.tcf.xml-37-29	paul_titan01_1800-832-144	inferred	1	 	Manschette
2532889X_1953-04-22_01_051.tcf.xml-37-29	polenz_buettnerbauer_1895-5600-16	inferred	1	 	Manschette
2532889X_1953-04-22_01_051.tcf.xml-37-29	raabe_odfeld_1889-2018-4	inferred	1	 	Manschette
2532889X_1953-04-22_01_051.tcf.xml-37-29	storm_immensee_1852-231-13	inferred	1	 	Manschette
2532889X_1965-10-24_01_236.tcf.xml-10-3	2532889X_1966-11-27_01_243.tcf.xml-5-14	inferred	1	 	Manschette
2532889X_1965-10-24_01_236.tcf.xml-10-3	2532889X_1967-01-15_01_271.tcf.xml-29-5	inferred	0	 	Manschette
2532889X_1965-10-24_01_236.tcf.xml-10-3	2532889X_1972-09-02_01_044.tcf.xml-9-23	inferred	0	 	Manschette
2532889X_1965-10-24_01_236.tcf.xml-10-3	2532889X_1988-08-27_01_200.tcf.xml-20-10	inferred	0	 	Manschette
2532889X_1965-10-24_01_236.tcf.xml-10-3	26120215_1949_11_02_01_037.tcf.xml-38-18	inferred	1	 	Manschette
2532889X_1965-10-24_01_236.tcf.xml-10-3	26120215_1960_08_21_01_550.tcf.xml-1-12	inferred	0	 	Manschette
2532889X_1965-10-24_01_236.tcf.xml-10-3	26120215_1961_11_19_01_252.tcf.xml-6-33	inferred	1	 	Manschette
2532889X_1965-10-24_01_236.tcf.xml-10-3	26120215_1965_01_10_01_386.tcf.xml-161-23	inferred	1	 	Manschette
2532889X_1965-10-24_01_236.tcf.xml-10-3	26120215_1965_12_24_01_260.tcf.xml-7-6	inferred	1	 	Manschette
2532889X_1965-10-24_01_236.tcf.xml-10-3	26120215_1968_03_31_01_226.tcf.xml-48-44	inferred	0	 	Manschette
2532889X_1965-10-24_01_236.tcf.xml-10-3	26120215_1969_02_02_01_188.tcf.xml-9-11	inferred	1	 	Manschette
2532889X_1965-10-24_01_236.tcf.xml-10-3	26120215_1977_01_03_01_031.tcf.xml-12-1	inferred	0	 	Manschette
2532889X_1965-10-24_01_236.tcf.xml-10-3	26120215_1985_04_06_01_236.tcf.xml-6-10	inferred	0	 	Manschette
2532889X_1965-10-24_01_236.tcf.xml-10-3	26120215_1986_08_08_01_111.tcf.xml-6-19	inferred	1	 	Manschette
2532889X_1965-10-24_01_236.tcf.xml-10-3	26120215_1989_12_09_01_386.tcf.xml-368-2	inferred	1	 	Manschette
2532889X_1965-10-24_01_236.tcf.xml-10-3	arnimb_goethe02_1835-21-13	inferred	1	 	Manschette
2532889X_1965-10-24_01_236.tcf.xml-10-3	aston_emancipation_1846-250-11	inferred	1	 	Manschette
2532889X_1965-10-24_01_236.tcf.xml-10-3	avelallemant_gaunerthum02_1858-2188-11	inferred	1	 	Manschette
2532889X_1965-10-24_01_236.tcf.xml-10-3	buechner_werke_1879-5490-17	inferred	1	 	Manschette
2532889X_1965-10-24_01_236.tcf.xml-10-3	falke_trachten02_1858-1207-16	inferred	1	 	Manschette
2532889X_1965-10-24_01_236.tcf.xml-10-3	falke_trachten02_1858-1657-40	inferred	1	 	Manschette
2532889X_1965-10-24_01_236.tcf.xml-10-3	falke_trachten02_1858-1840-46	inferred	1	 	Manschette
2532889X_1965-10-24_01_236.tcf.xml-10-3	falke_trachten02_1858-2068-4	inferred	1	 	Manschette
2532889X_1965-10-24_01_236.tcf.xml-10-3	falke_trachten02_1858-2512-40	inferred	1	 	Manschette
2532889X_1965-10-24_01_236.tcf.xml-10-3	gutzkow_zeitgenossen01_1842-539-17	inferred	1	 	Manschette
2532889X_1965-10-24_01_236.tcf.xml-10-3	heine_lieder_1827-54-16	inferred	1	 	Manschette
2532889X_1965-10-24_01_236.tcf.xml-10-3	krane_reitpferd_1856-1715-26	inferred	1	 	Manschette
2532889X_1965-10-24_01_236.tcf.xml-10-3	kuernberger_amerikamuede_1855-849-7	inferred	1	 	Manschette
2532889X_1965-10-24_01_236.tcf.xml-10-3	meyer_jenatsch_1876-1251-2	inferred	1	 	Manschette
2532889X_1965-10-24_01_236.tcf.xml-10-3	meyer_jenatsch_1876-534-13	inferred	1	 	Manschette
2532889X_1965-10-24_01_236.tcf.xml-10-3	michelis_reiseschule_1869-402-1	inferred	1	 	Manschette
2532889X_1965-10-24_01_236.tcf.xml-10-3	michelis_reiseschule_1869-404-3	inferred	1	 	Manschette
2532889X_1965-10-24_01_236.tcf.xml-10-3	mommsen_roemische03_1856-1593-11	inferred	1	 	Manschette
2532889X_1965-10-24_01_236.tcf.xml-10-3	mosen_galerie_1844-259-42	inferred	1	 	Manschette
2532889X_1965-10-24_01_236.tcf.xml-10-3	paul_titan01_1800-832-144	inferred	1	 	Manschette
2532889X_1965-10-24_01_236.tcf.xml-10-3	polenz_buettnerbauer_1895-5600-16	inferred	1	 	Manschette
2532889X_1965-10-24_01_236.tcf.xml-10-3	raabe_odfeld_1889-2018-4	inferred	1	 	Manschette
2532889X_1965-10-24_01_236.tcf.xml-10-3	storm_immensee_1852-231-13	inferred	1	 	Manschette
2532889X_1966-11-27_01_243.tcf.xml-5-14	2532889X_1967-01-15_01_271.tcf.xml-29-5	inferred	0	 	Manschette
2532889X_1966-11-27_01_243.tcf.xml-5-14	2532889X_1972-09-02_01_044.tcf.xml-9-23	inferred	0	 	Manschette
2532889X_1966-11-27_01_243.tcf.xml-5-14	2532889X_1988-08-27_01_200.tcf.xml-20-10	inferred	0	 	Manschette
2532889X_1966-11-27_01_243.tcf.xml-5-14	26120215_1949_11_02_01_037.tcf.xml-38-18	inferred	1	 	Manschette
2532889X_1966-11-27_01_243.tcf.xml-5-14	26120215_1960_08_21_01_550.tcf.xml-1-12	inferred	0	 	Manschette
2532889X_1966-11-27_01_243.tcf.xml-5-14	26120215_1961_11_19_01_252.tcf.xml-6-33	inferred	1	 	Manschette
2532889X_1966-11-27_01_243.tcf.xml-5-14	26120215_1965_01_10_01_386.tcf.xml-161-23	inferred	1	 	Manschette
2532889X_1966-11-27_01_243.tcf.xml-5-14	26120215_1965_12_24_01_260.tcf.xml-7-6	inferred	1	 	Manschette
2532889X_1966-11-27_01_243.tcf.xml-5-14	26120215_1968_03_31_01_226.tcf.xml-48-44	inferred	0	 	Manschette
2532889X_1966-11-27_01_243.tcf.xml-5-14	26120215_1969_02_02_01_188.tcf.xml-9-11	inferred	1	 	Manschette
2532889X_1966-11-27_01_243.tcf.xml-5-14	26120215_1977_01_03_01_031.tcf.xml-12-1	inferred	0	 	Manschette
2532889X_1966-11-27_01_243.tcf.xml-5-14	26120215_1985_04_06_01_236.tcf.xml-6-10	inferred	0	 	Manschette
2532889X_1966-11-27_01_243.tcf.xml-5-14	26120215_1986_08_08_01_111.tcf.xml-6-19	inferred	1	 	Manschette
2532889X_1966-11-27_01_243.tcf.xml-5-14	26120215_1989_12_09_01_386.tcf.xml-368-2	inferred	1	 	Manschette
2532889X_1966-11-27_01_243.tcf.xml-5-14	arnimb_goethe02_1835-21-13	inferred	1	 	Manschette
2532889X_1966-11-27_01_243.tcf.xml-5-14	aston_emancipation_1846-250-11	inferred	1	 	Manschette
2532889X_1966-11-27_01_243.tcf.xml-5-14	avelallemant_gaunerthum02_1858-2188-11	inferred	1	 	Manschette
2532889X_1966-11-27_01_243.tcf.xml-5-14	buechner_werke_1879-5490-17	inferred	1	 	Manschette
2532889X_1966-11-27_01_243.tcf.xml-5-14	falke_trachten02_1858-1207-16	inferred	1	 	Manschette
2532889X_1966-11-27_01_243.tcf.xml-5-14	falke_trachten02_1858-1657-40	inferred	1	 	Manschette
2532889X_1966-11-27_01_243.tcf.xml-5-14	falke_trachten02_1858-1840-46	inferred	1	 	Manschette
2532889X_1966-11-27_01_243.tcf.xml-5-14	falke_trachten02_1858-2068-4	inferred	1	 	Manschette
2532889X_1966-11-27_01_243.tcf.xml-5-14	falke_trachten02_1858-2512-40	inferred	1	 	Manschette
2532889X_1966-11-27_01_243.tcf.xml-5-14	gutzkow_zeitgenossen01_1842-539-17	inferred	1	 	Manschette
2532889X_1966-11-27_01_243.tcf.xml-5-14	heine_lieder_1827-54-16	inferred	1	 	Manschette
2532889X_1966-11-27_01_243.tcf.xml-5-14	krane_reitpferd_1856-1715-26	inferred	1	 	Manschette
2532889X_1966-11-27_01_243.tcf.xml-5-14	kuernberger_amerikamuede_1855-849-7	inferred	1	 	Manschette
2532889X_1966-11-27_01_243.tcf.xml-5-14	meyer_jenatsch_1876-1251-2	inferred	1	 	Manschette
2532889X_1966-11-27_01_243.tcf.xml-5-14	meyer_jenatsch_1876-534-13	inferred	1	 	Manschette
2532889X_1966-11-27_01_243.tcf.xml-5-14	michelis_reiseschule_1869-402-1	inferred	1	 	Manschette
2532889X_1966-11-27_01_243.tcf.xml-5-14	michelis_reiseschule_1869-404-3	inferred	1	 	Manschette
2532889X_1966-11-27_01_243.tcf.xml-5-14	mommsen_roemische03_1856-1593-11	inferred	1	 	Manschette
2532889X_1966-11-27_01_243.tcf.xml-5-14	mosen_galerie_1844-259-42	inferred	1	 	Manschette
2532889X_1966-11-27_01_243.tcf.xml-5-14	paul_titan01_1800-832-144	inferred	1	 	Manschette
2532889X_1966-11-27_01_243.tcf.xml-5-14	polenz_buettnerbauer_1895-5600-16	inferred	1	 	Manschette
2532889X_1966-11-27_01_243.tcf.xml-5-14	raabe_odfeld_1889-2018-4	inferred	1	 	Manschette
2532889X_1966-11-27_01_243.tcf.xml-5-14	storm_immensee_1852-231-13	inferred	1	 	Manschette
2532889X_1967-01-15_01_271.tcf.xml-29-5	2532889X_1972-09-02_01_044.tcf.xml-9-23	inferred	1	 	Manschette
2532889X_1967-01-15_01_271.tcf.xml-29-5	2532889X_1988-08-27_01_200.tcf.xml-20-10	inferred	1	 	Manschette
2532889X_1967-01-15_01_271.tcf.xml-29-5	26120215_1949_11_02_01_037.tcf.xml-38-18	inferred	0	 	Manschette
2532889X_1967-01-15_01_271.tcf.xml-29-5	26120215_1960_08_21_01_550.tcf.xml-1-12	inferred	0	 	Manschette
2532889X_1967-01-15_01_271.tcf.xml-29-5	26120215_1961_11_19_01_252.tcf.xml-6-33	inferred	0	 	Manschette
2532889X_1967-01-15_01_271.tcf.xml-29-5	26120215_1965_01_10_01_386.tcf.xml-161-23	inferred	0	 	Manschette
2532889X_1967-01-15_01_271.tcf.xml-29-5	26120215_1965_12_24_01_260.tcf.xml-7-6	inferred	0	 	Manschette
2532889X_1967-01-15_01_271.tcf.xml-29-5	26120215_1968_03_31_01_226.tcf.xml-48-44	inferred	1	 	Manschette
2532889X_1967-01-15_01_271.tcf.xml-29-5	26120215_1969_02_02_01_188.tcf.xml-9-11	inferred	0	 	Manschette
2532889X_1967-01-15_01_271.tcf.xml-29-5	26120215_1977_01_03_01_031.tcf.xml-12-1	inferred	0	 	Manschette
2532889X_1967-01-15_01_271.tcf.xml-29-5	26120215_1985_04_06_01_236.tcf.xml-6-10	inferred	0	 	Manschette
2532889X_1967-01-15_01_271.tcf.xml-29-5	26120215_1986_08_08_01_111.tcf.xml-6-19	inferred	0	 	Manschette
2532889X_1967-01-15_01_271.tcf.xml-29-5	26120215_1989_12_09_01_386.tcf.xml-368-2	inferred	0	 	Manschette
2532889X_1967-01-15_01_271.tcf.xml-29-5	arnimb_goethe02_1835-21-13	inferred	0	 	Manschette
2532889X_1967-01-15_01_271.tcf.xml-29-5	aston_emancipation_1846-250-11	inferred	0	 	Manschette
2532889X_1967-01-15_01_271.tcf.xml-29-5	avelallemant_gaunerthum02_1858-2188-11	inferred	0	 	Manschette
2532889X_1967-01-15_01_271.tcf.xml-29-5	buechner_werke_1879-5490-17	inferred	0	 	Manschette
2532889X_1967-01-15_01_271.tcf.xml-29-5	falke_trachten02_1858-1207-16	inferred	0	 	Manschette
2532889X_1967-01-15_01_271.tcf.xml-29-5	falke_trachten02_1858-1657-40	inferred	0	 	Manschette
2532889X_1967-01-15_01_271.tcf.xml-29-5	falke_trachten02_1858-1840-46	inferred	0	 	Manschette
2532889X_1967-01-15_01_271.tcf.xml-29-5	falke_trachten02_1858-2068-4	inferred	0	 	Manschette
2532889X_1967-01-15_01_271.tcf.xml-29-5	falke_trachten02_1858-2512-40	inferred	0	 	Manschette
2532889X_1967-01-15_01_271.tcf.xml-29-5	gutzkow_zeitgenossen01_1842-539-17	inferred	0	 	Manschette
2532889X_1967-01-15_01_271.tcf.xml-29-5	heine_lieder_1827-54-16	inferred	0	 	Manschette
2532889X_1967-01-15_01_271.tcf.xml-29-5	krane_reitpferd_1856-1715-26	inferred	0	 	Manschette
2532889X_1967-01-15_01_271.tcf.xml-29-5	kuernberger_amerikamuede_1855-849-7	inferred	0	 	Manschette
2532889X_1967-01-15_01_271.tcf.xml-29-5	meyer_jenatsch_1876-1251-2	inferred	0	 	Manschette
2532889X_1967-01-15_01_271.tcf.xml-29-5	meyer_jenatsch_1876-534-13	inferred	0	 	Manschette
2532889X_1967-01-15_01_271.tcf.xml-29-5	michelis_reiseschule_1869-402-1	inferred	0	 	Manschette
2532889X_1967-01-15_01_271.tcf.xml-29-5	michelis_reiseschule_1869-404-3	inferred	0	 	Manschette
2532889X_1967-01-15_01_271.tcf.xml-29-5	mommsen_roemische03_1856-1593-11	inferred	0	 	Manschette
2532889X_1967-01-15_01_271.tcf.xml-29-5	mosen_galerie_1844-259-42	inferred	0	 	Manschette
2532889X_1967-01-15_01_271.tcf.xml-29-5	paul_titan01_1800-832-144	inferred	0	 	Manschette
2532889X_1967-01-15_01_271.tcf.xml-29-5	polenz_buettnerbauer_1895-5600-16	inferred	0	 	Manschette
2532889X_1967-01-15_01_271.tcf.xml-29-5	raabe_odfeld_1889-2018-4	inferred	0	 	Manschette
2532889X_1967-01-15_01_271.tcf.xml-29-5	storm_immensee_1852-231-13	inferred	0	 	Manschette
2532889X_1972-09-02_01_044.tcf.xml-9-23	2532889X_1988-08-27_01_200.tcf.xml-20-10	inferred	1	 	Manschette
2532889X_1972-09-02_01_044.tcf.xml-9-23	26120215_1949_11_02_01_037.tcf.xml-38-18	inferred	0	 	Manschette
2532889X_1972-09-02_01_044.tcf.xml-9-23	26120215_1960_08_21_01_550.tcf.xml-1-12	inferred	0	 	Manschette
2532889X_1972-09-02_01_044.tcf.xml-9-23	26120215_1961_11_19_01_252.tcf.xml-6-33	inferred	0	 	Manschette
2532889X_1972-09-02_01_044.tcf.xml-9-23	26120215_1965_01_10_01_386.tcf.xml-161-23	inferred	0	 	Manschette
2532889X_1972-09-02_01_044.tcf.xml-9-23	26120215_1965_12_24_01_260.tcf.xml-7-6	inferred	0	 	Manschette
2532889X_1972-09-02_01_044.tcf.xml-9-23	26120215_1968_03_31_01_226.tcf.xml-48-44	inferred	1	 	Manschette
2532889X_1972-09-02_01_044.tcf.xml-9-23	26120215_1969_02_02_01_188.tcf.xml-9-11	inferred	0	 	Manschette
2532889X_1972-09-02_01_044.tcf.xml-9-23	26120215_1977_01_03_01_031.tcf.xml-12-1	inferred	0	 	Manschette
2532889X_1972-09-02_01_044.tcf.xml-9-23	26120215_1985_04_06_01_236.tcf.xml-6-10	inferred	0	 	Manschette
2532889X_1972-09-02_01_044.tcf.xml-9-23	26120215_1986_08_08_01_111.tcf.xml-6-19	inferred	0	 	Manschette
2532889X_1972-09-02_01_044.tcf.xml-9-23	26120215_1989_12_09_01_386.tcf.xml-368-2	inferred	0	 	Manschette
2532889X_1972-09-02_01_044.tcf.xml-9-23	arnimb_goethe02_1835-21-13	inferred	0	 	Manschette
2532889X_1972-09-02_01_044.tcf.xml-9-23	aston_emancipation_1846-250-11	inferred	0	 	Manschette
2532889X_1972-09-02_01_044.tcf.xml-9-23	avelallemant_gaunerthum02_1858-2188-11	inferred	0	 	Manschette
2532889X_1972-09-02_01_044.tcf.xml-9-23	buechner_werke_1879-5490-17	inferred	0	 	Manschette
2532889X_1972-09-02_01_044.tcf.xml-9-23	falke_trachten02_1858-1207-16	inferred	0	 	Manschette
2532889X_1972-09-02_01_044.tcf.xml-9-23	falke_trachten02_1858-1657-40	inferred	0	 	Manschette
2532889X_1972-09-02_01_044.tcf.xml-9-23	falke_trachten02_1858-1840-46	inferred	0	 	Manschette
2532889X_1972-09-02_01_044.tcf.xml-9-23	falke_trachten02_1858-2068-4	inferred	0	 	Manschette
2532889X_1972-09-02_01_044.tcf.xml-9-23	falke_trachten02_1858-2512-40	inferred	0	 	Manschette
2532889X_1972-09-02_01_044.tcf.xml-9-23	gutzkow_zeitgenossen01_1842-539-17	inferred	0	 	Manschette
2532889X_1972-09-02_01_044.tcf.xml-9-23	heine_lieder_1827-54-16	inferred	0	 	Manschette
2532889X_1972-09-02_01_044.tcf.xml-9-23	krane_reitpferd_1856-1715-26	inferred	0	 	Manschette
2532889X_1972-09-02_01_044.tcf.xml-9-23	kuernberger_amerikamuede_1855-849-7	inferred	0	 	Manschette
2532889X_1972-09-02_01_044.tcf.xml-9-23	meyer_jenatsch_1876-1251-2	inferred	0	 	Manschette
2532889X_1972-09-02_01_044.tcf.xml-9-23	meyer_jenatsch_1876-534-13	inferred	0	 	Manschette
2532889X_1972-09-02_01_044.tcf.xml-9-23	michelis_reiseschule_1869-402-1	inferred	0	 	Manschette
2532889X_1972-09-02_01_044.tcf.xml-9-23	michelis_reiseschule_1869-404-3	inferred	0	 	Manschette
2532889X_1972-09-02_01_044.tcf.xml-9-23	mommsen_roemische03_1856-1593-11	inferred	0	 	Manschette
2532889X_1972-09-02_01_044.tcf.xml-9-23	mosen_galerie_1844-259-42	inferred	0	 	Manschette
2532889X_1972-09-02_01_044.tcf.xml-9-23	paul_titan01_1800-832-144	inferred	0	 	Manschette
2532889X_1972-09-02_01_044.tcf.xml-9-23	polenz_buettnerbauer_1895-5600-16	inferred	0	 	Manschette
2532889X_1972-09-02_01_044.tcf.xml-9-23	raabe_odfeld_1889-2018-4	inferred	0	 	Manschette
2532889X_1972-09-02_01_044.tcf.xml-9-23	storm_immensee_1852-231-13	inferred	0	 	Manschette
2532889X_1988-08-27_01_200.tcf.xml-20-10	26120215_1949_11_02_01_037.tcf.xml-38-18	inferred	0	 	Manschette
2532889X_1988-08-27_01_200.tcf.xml-20-10	26120215_1960_08_21_01_550.tcf.xml-1-12	inferred	0	 	Manschette
2532889X_1988-08-27_01_200.tcf.xml-20-10	26120215_1961_11_19_01_252.tcf.xml-6-33	inferred	0	 	Manschette
2532889X_1988-08-27_01_200.tcf.xml-20-10	26120215_1965_01_10_01_386.tcf.xml-161-23	inferred	0	 	Manschette
2532889X_1988-08-27_01_200.tcf.xml-20-10	26120215_1965_12_24_01_260.tcf.xml-7-6	inferred	0	 	Manschette
2532889X_1988-08-27_01_200.tcf.xml-20-10	26120215_1968_03_31_01_226.tcf.xml-48-44	inferred	1	 	Manschette
2532889X_1988-08-27_01_200.tcf.xml-20-10	26120215_1969_02_02_01_188.tcf.xml-9-11	inferred	0	 	Manschette
2532889X_1988-08-27_01_200.tcf.xml-20-10	26120215_1977_01_03_01_031.tcf.xml-12-1	inferred	0	 	Manschette
2532889X_1988-08-27_01_200.tcf.xml-20-10	26120215_1985_04_06_01_236.tcf.xml-6-10	inferred	0	 	Manschette
2532889X_1988-08-27_01_200.tcf.xml-20-10	26120215_1986_08_08_01_111.tcf.xml-6-19	inferred	0	 	Manschette
2532889X_1988-08-27_01_200.tcf.xml-20-10	26120215_1989_12_09_01_386.tcf.xml-368-2	inferred	0	 	Manschette
2532889X_1988-08-27_01_200.tcf.xml-20-10	arnimb_goethe02_1835-21-13	inferred	0	 	Manschette
2532889X_1988-08-27_01_200.tcf.xml-20-10	aston_emancipation_1846-250-11	inferred	0	 	Manschette
2532889X_1988-08-27_01_200.tcf.xml-20-10	avelallemant_gaunerthum02_1858-2188-11	inferred	0	 	Manschette
2532889X_1988-08-27_01_200.tcf.xml-20-10	buechner_werke_1879-5490-17	inferred	0	 	Manschette
2532889X_1988-08-27_01_200.tcf.xml-20-10	falke_trachten02_1858-1207-16	inferred	0	 	Manschette
2532889X_1988-08-27_01_200.tcf.xml-20-10	falke_trachten02_1858-1657-40	inferred	0	 	Manschette
2532889X_1988-08-27_01_200.tcf.xml-20-10	falke_trachten02_1858-1840-46	inferred	0	 	Manschette
2532889X_1988-08-27_01_200.tcf.xml-20-10	falke_trachten02_1858-2068-4	inferred	0	 	Manschette
2532889X_1988-08-27_01_200.tcf.xml-20-10	falke_trachten02_1858-2512-40	inferred	0	 	Manschette
2532889X_1988-08-27_01_200.tcf.xml-20-10	gutzkow_zeitgenossen01_1842-539-17	inferred	0	 	Manschette
2532889X_1988-08-27_01_200.tcf.xml-20-10	heine_lieder_1827-54-16	inferred	0	 	Manschette
2532889X_1988-08-27_01_200.tcf.xml-20-10	krane_reitpferd_1856-1715-26	inferred	0	 	Manschette
2532889X_1988-08-27_01_200.tcf.xml-20-10	kuernberger_amerikamuede_1855-849-7	inferred	0	 	Manschette
2532889X_1988-08-27_01_200.tcf.xml-20-10	meyer_jenatsch_1876-1251-2	inferred	0	 	Manschette
2532889X_1988-08-27_01_200.tcf.xml-20-10	meyer_jenatsch_1876-534-13	inferred	0	 	Manschette
2532889X_1988-08-27_01_200.tcf.xml-20-10	michelis_reiseschule_1869-402-1	inferred	0	 	Manschette
2532889X_1988-08-27_01_200.tcf.xml-20-10	michelis_reiseschule_1869-404-3	inferred	0	 	Manschette
2532889X_1988-08-27_01_200.tcf.xml-20-10	mommsen_roemische03_1856-1593-11	inferred	0	 	Manschette
2532889X_1988-08-27_01_200.tcf.xml-20-10	mosen_galerie_1844-259-42	inferred	0	 	Manschette
2532889X_1988-08-27_01_200.tcf.xml-20-10	paul_titan01_1800-832-144	inferred	0	 	Manschette
2532889X_1988-08-27_01_200.tcf.xml-20-10	polenz_buettnerbauer_1895-5600-16	inferred	0	 	Manschette
2532889X_1988-08-27_01_200.tcf.xml-20-10	raabe_odfeld_1889-2018-4	inferred	0	 	Manschette
2532889X_1988-08-27_01_200.tcf.xml-20-10	storm_immensee_1852-231-13	inferred	0	 	Manschette
26120215_1949_11_02_01_037.tcf.xml-38-18	26120215_1960_08_21_01_550.tcf.xml-1-12	inferred	0	 	Manschette
26120215_1949_11_02_01_037.tcf.xml-38-18	26120215_1961_11_19_01_252.tcf.xml-6-33	inferred	1	 	Manschette
26120215_1949_11_02_01_037.tcf.xml-38-18	26120215_1965_01_10_01_386.tcf.xml-161-23	inferred	1	 	Manschette
26120215_1949_11_02_01_037.tcf.xml-38-18	26120215_1965_12_24_01_260.tcf.xml-7-6	inferred	1	 	Manschette
26120215_1949_11_02_01_037.tcf.xml-38-18	26120215_1968_03_31_01_226.tcf.xml-48-44	inferred	0	 	Manschette
26120215_1949_11_02_01_037.tcf.xml-38-18	26120215_1969_02_02_01_188.tcf.xml-9-11	inferred	1	 	Manschette
26120215_1949_11_02_01_037.tcf.xml-38-18	26120215_1977_01_03_01_031.tcf.xml-12-1	inferred	0	 	Manschette
26120215_1949_11_02_01_037.tcf.xml-38-18	26120215_1985_04_06_01_236.tcf.xml-6-10	inferred	0	 	Manschette
26120215_1949_11_02_01_037.tcf.xml-38-18	26120215_1986_08_08_01_111.tcf.xml-6-19	inferred	1	 	Manschette
26120215_1949_11_02_01_037.tcf.xml-38-18	26120215_1989_12_09_01_386.tcf.xml-368-2	inferred	1	 	Manschette
26120215_1949_11_02_01_037.tcf.xml-38-18	arnimb_goethe02_1835-21-13	inferred	1	 	Manschette
26120215_1949_11_02_01_037.tcf.xml-38-18	aston_emancipation_1846-250-11	inferred	1	 	Manschette
26120215_1949_11_02_01_037.tcf.xml-38-18	avelallemant_gaunerthum02_1858-2188-11	inferred	1	 	Manschette
26120215_1949_11_02_01_037.tcf.xml-38-18	buechner_werke_1879-5490-17	inferred	1	 	Manschette
26120215_1949_11_02_01_037.tcf.xml-38-18	falke_trachten02_1858-1207-16	inferred	1	 	Manschette
26120215_1949_11_02_01_037.tcf.xml-38-18	falke_trachten02_1858-1657-40	inferred	1	 	Manschette
26120215_1949_11_02_01_037.tcf.xml-38-18	falke_trachten02_1858-1840-46	inferred	1	 	Manschette
26120215_1949_11_02_01_037.tcf.xml-38-18	falke_trachten02_1858-2068-4	inferred	1	 	Manschette
26120215_1949_11_02_01_037.tcf.xml-38-18	falke_trachten02_1858-2512-40	inferred	1	 	Manschette
26120215_1949_11_02_01_037.tcf.xml-38-18	gutzkow_zeitgenossen01_1842-539-17	inferred	1	 	Manschette
26120215_1949_11_02_01_037.tcf.xml-38-18	heine_lieder_1827-54-16	inferred	1	 	Manschette
26120215_1949_11_02_01_037.tcf.xml-38-18	krane_reitpferd_1856-1715-26	inferred	1	 	Manschette
26120215_1949_11_02_01_037.tcf.xml-38-18	kuernberger_amerikamuede_1855-849-7	inferred	1	 	Manschette
26120215_1949_11_02_01_037.tcf.xml-38-18	meyer_jenatsch_1876-1251-2	inferred	1	 	Manschette
26120215_1949_11_02_01_037.tcf.xml-38-18	meyer_jenatsch_1876-534-13	inferred	1	 	Manschette
26120215_1949_11_02_01_037.tcf.xml-38-18	michelis_reiseschule_1869-402-1	inferred	1	 	Manschette
26120215_1949_11_02_01_037.tcf.xml-38-18	michelis_reiseschule_1869-404-3	inferred	1	 	Manschette
26120215_1949_11_02_01_037.tcf.xml-38-18	mommsen_roemische03_1856-1593-11	inferred	1	 	Manschette
26120215_1949_11_02_01_037.tcf.xml-38-18	mosen_galerie_1844-259-42	inferred	1	 	Manschette
26120215_1949_11_02_01_037.tcf.xml-38-18	paul_titan01_1800-832-144	inferred	1	 	Manschette
26120215_1949_11_02_01_037.tcf.xml-38-18	polenz_buettnerbauer_1895-5600-16	inferred	1	 	Manschette
26120215_1949_11_02_01_037.tcf.xml-38-18	raabe_odfeld_1889-2018-4	inferred	1	 	Manschette
26120215_1949_11_02_01_037.tcf.xml-38-18	storm_immensee_1852-231-13	inferred	1	 	Manschette
26120215_1960_08_21_01_550.tcf.xml-1-12	26120215_1961_11_19_01_252.tcf.xml-6-33	inferred	0	 	Manschette
26120215_1960_08_21_01_550.tcf.xml-1-12	26120215_1965_01_10_01_386.tcf.xml-161-23	inferred	0	 	Manschette
26120215_1960_08_21_01_550.tcf.xml-1-12	26120215_1965_12_24_01_260.tcf.xml-7-6	inferred	0	 	Manschette
26120215_1960_08_21_01_550.tcf.xml-1-12	26120215_1968_03_31_01_226.tcf.xml-48-44	inferred	0	 	Manschette
26120215_1960_08_21_01_550.tcf.xml-1-12	26120215_1969_02_02_01_188.tcf.xml-9-11	inferred	0	 	Manschette
26120215_1960_08_21_01_550.tcf.xml-1-12	26120215_1977_01_03_01_031.tcf.xml-12-1	inferred	1	 	Manschette
26120215_1960_08_21_01_550.tcf.xml-1-12	26120215_1985_04_06_01_236.tcf.xml-6-10	inferred	1	 	Manschette
26120215_1960_08_21_01_550.tcf.xml-1-12	26120215_1986_08_08_01_111.tcf.xml-6-19	inferred	0	 	Manschette
26120215_1960_08_21_01_550.tcf.xml-1-12	26120215_1989_12_09_01_386.tcf.xml-368-2	inferred	0	 	Manschette
26120215_1960_08_21_01_550.tcf.xml-1-12	arnimb_goethe02_1835-21-13	inferred	0	 	Manschette
26120215_1960_08_21_01_550.tcf.xml-1-12	aston_emancipation_1846-250-11	inferred	0	 	Manschette
26120215_1960_08_21_01_550.tcf.xml-1-12	avelallemant_gaunerthum02_1858-2188-11	inferred	0	 	Manschette
26120215_1960_08_21_01_550.tcf.xml-1-12	buechner_werke_1879-5490-17	inferred	0	 	Manschette
26120215_1960_08_21_01_550.tcf.xml-1-12	falke_trachten02_1858-1207-16	inferred	0	 	Manschette
26120215_1960_08_21_01_550.tcf.xml-1-12	falke_trachten02_1858-1657-40	inferred	0	 	Manschette
26120215_1960_08_21_01_550.tcf.xml-1-12	falke_trachten02_1858-1840-46	inferred	0	 	Manschette
26120215_1960_08_21_01_550.tcf.xml-1-12	falke_trachten02_1858-2068-4	inferred	0	 	Manschette
26120215_1960_08_21_01_550.tcf.xml-1-12	falke_trachten02_1858-2512-40	inferred	0	 	Manschette
26120215_1960_08_21_01_550.tcf.xml-1-12	gutzkow_zeitgenossen01_1842-539-17	inferred	0	 	Manschette
26120215_1960_08_21_01_550.tcf.xml-1-12	heine_lieder_1827-54-16	inferred	0	 	Manschette
26120215_1960_08_21_01_550.tcf.xml-1-12	krane_reitpferd_1856-1715-26	inferred	0	 	Manschette
26120215_1960_08_21_01_550.tcf.xml-1-12	kuernberger_amerikamuede_1855-849-7	inferred	0	 	Manschette
26120215_1960_08_21_01_550.tcf.xml-1-12	meyer_jenatsch_1876-1251-2	inferred	0	 	Manschette
26120215_1960_08_21_01_550.tcf.xml-1-12	meyer_jenatsch_1876-534-13	inferred	0	 	Manschette
26120215_1960_08_21_01_550.tcf.xml-1-12	michelis_reiseschule_1869-402-1	inferred	0	 	Manschette
26120215_1960_08_21_01_550.tcf.xml-1-12	michelis_reiseschule_1869-404-3	inferred	0	 	Manschette
26120215_1960_08_21_01_550.tcf.xml-1-12	mommsen_roemische03_1856-1593-11	inferred	0	 	Manschette
26120215_1960_08_21_01_550.tcf.xml-1-12	mosen_galerie_1844-259-42	inferred	0	 	Manschette
26120215_1960_08_21_01_550.tcf.xml-1-12	paul_titan01_1800-832-144	inferred	0	 	Manschette
26120215_1960_08_21_01_550.tcf.xml-1-12	polenz_buettnerbauer_1895-5600-16	inferred	0	 	Manschette
26120215_1960_08_21_01_550.tcf.xml-1-12	raabe_odfeld_1889-2018-4	inferred	0	 	Manschette
26120215_1960_08_21_01_550.tcf.xml-1-12	storm_immensee_1852-231-13	inferred	0	 	Manschette
26120215_1961_11_19_01_252.tcf.xml-6-33	26120215_1965_01_10_01_386.tcf.xml-161-23	inferred	1	 	Manschette
26120215_1961_11_19_01_252.tcf.xml-6-33	26120215_1965_12_24_01_260.tcf.xml-7-6	inferred	1	 	Manschette
26120215_1961_11_19_01_252.tcf.xml-6-33	26120215_1968_03_31_01_226.tcf.xml-48-44	inferred	0	 	Manschette
26120215_1961_11_19_01_252.tcf.xml-6-33	26120215_1969_02_02_01_188.tcf.xml-9-11	inferred	1	 	Manschette
26120215_1961_11_19_01_252.tcf.xml-6-33	26120215_1977_01_03_01_031.tcf.xml-12-1	inferred	0	 	Manschette
26120215_1961_11_19_01_252.tcf.xml-6-33	26120215_1985_04_06_01_236.tcf.xml-6-10	inferred	0	 	Manschette
26120215_1961_11_19_01_252.tcf.xml-6-33	26120215_1986_08_08_01_111.tcf.xml-6-19	inferred	1	 	Manschette
26120215_1961_11_19_01_252.tcf.xml-6-33	26120215_1989_12_09_01_386.tcf.xml-368-2	inferred	1	 	Manschette
26120215_1961_11_19_01_252.tcf.xml-6-33	arnimb_goethe02_1835-21-13	inferred	1	 	Manschette
26120215_1961_11_19_01_252.tcf.xml-6-33	aston_emancipation_1846-250-11	inferred	1	 	Manschette
26120215_1961_11_19_01_252.tcf.xml-6-33	avelallemant_gaunerthum02_1858-2188-11	inferred	1	 	Manschette
26120215_1961_11_19_01_252.tcf.xml-6-33	buechner_werke_1879-5490-17	inferred	1	 	Manschette
26120215_1961_11_19_01_252.tcf.xml-6-33	falke_trachten02_1858-1207-16	inferred	1	 	Manschette
26120215_1961_11_19_01_252.tcf.xml-6-33	falke_trachten02_1858-1657-40	inferred	1	 	Manschette
26120215_1961_11_19_01_252.tcf.xml-6-33	falke_trachten02_1858-1840-46	inferred	1	 	Manschette
26120215_1961_11_19_01_252.tcf.xml-6-33	falke_trachten02_1858-2068-4	inferred	1	 	Manschette
26120215_1961_11_19_01_252.tcf.xml-6-33	falke_trachten02_1858-2512-40	inferred	1	 	Manschette
26120215_1961_11_19_01_252.tcf.xml-6-33	gutzkow_zeitgenossen01_1842-539-17	inferred	1	 	Manschette
26120215_1961_11_19_01_252.tcf.xml-6-33	heine_lieder_1827-54-16	inferred	1	 	Manschette
26120215_1961_11_19_01_252.tcf.xml-6-33	krane_reitpferd_1856-1715-26	inferred	1	 	Manschette
26120215_1961_11_19_01_252.tcf.xml-6-33	kuernberger_amerikamuede_1855-849-7	inferred	1	 	Manschette
26120215_1961_11_19_01_252.tcf.xml-6-33	meyer_jenatsch_1876-1251-2	inferred	1	 	Manschette
26120215_1961_11_19_01_252.tcf.xml-6-33	meyer_jenatsch_1876-534-13	inferred	1	 	Manschette
26120215_1961_11_19_01_252.tcf.xml-6-33	michelis_reiseschule_1869-402-1	inferred	1	 	Manschette
26120215_1961_11_19_01_252.tcf.xml-6-33	michelis_reiseschule_1869-404-3	inferred	1	 	Manschette
26120215_1961_11_19_01_252.tcf.xml-6-33	mommsen_roemische03_1856-1593-11	inferred	1	 	Manschette
26120215_1961_11_19_01_252.tcf.xml-6-33	mosen_galerie_1844-259-42	inferred	1	 	Manschette
26120215_1961_11_19_01_252.tcf.xml-6-33	paul_titan01_1800-832-144	inferred	1	 	Manschette
26120215_1961_11_19_01_252.tcf.xml-6-33	polenz_buettnerbauer_1895-5600-16	inferred	1	 	Manschette
26120215_1961_11_19_01_252.tcf.xml-6-33	raabe_odfeld_1889-2018-4	inferred	1	 	Manschette
26120215_1961_11_19_01_252.tcf.xml-6-33	storm_immensee_1852-231-13	inferred	1	 	Manschette
26120215_1965_01_10_01_386.tcf.xml-161-23	26120215_1965_12_24_01_260.tcf.xml-7-6	inferred	1	 	Manschette
26120215_1965_01_10_01_386.tcf.xml-161-23	26120215_1968_03_31_01_226.tcf.xml-48-44	inferred	0	 	Manschette
26120215_1965_01_10_01_386.tcf.xml-161-23	26120215_1969_02_02_01_188.tcf.xml-9-11	inferred	1	 	Manschette
26120215_1965_01_10_01_386.tcf.xml-161-23	26120215_1977_01_03_01_031.tcf.xml-12-1	inferred	0	 	Manschette
26120215_1965_01_10_01_386.tcf.xml-161-23	26120215_1985_04_06_01_236.tcf.xml-6-10	inferred	0	 	Manschette
26120215_1965_01_10_01_386.tcf.xml-161-23	26120215_1986_08_08_01_111.tcf.xml-6-19	inferred	1	 	Manschette
26120215_1965_01_10_01_386.tcf.xml-161-23	26120215_1989_12_09_01_386.tcf.xml-368-2	inferred	1	 	Manschette
26120215_1965_01_10_01_386.tcf.xml-161-23	arnimb_goethe02_1835-21-13	inferred	1	 	Manschette
26120215_1965_01_10_01_386.tcf.xml-161-23	aston_emancipation_1846-250-11	inferred	1	 	Manschette
26120215_1965_01_10_01_386.tcf.xml-161-23	avelallemant_gaunerthum02_1858-2188-11	inferred	1	 	Manschette
26120215_1965_01_10_01_386.tcf.xml-161-23	buechner_werke_1879-5490-17	inferred	1	 	Manschette
26120215_1965_01_10_01_386.tcf.xml-161-23	falke_trachten02_1858-1207-16	inferred	1	 	Manschette
26120215_1965_01_10_01_386.tcf.xml-161-23	falke_trachten02_1858-1657-40	inferred	1	 	Manschette
26120215_1965_01_10_01_386.tcf.xml-161-23	falke_trachten02_1858-1840-46	inferred	1	 	Manschette
26120215_1965_01_10_01_386.tcf.xml-161-23	falke_trachten02_1858-2068-4	inferred	1	 	Manschette
26120215_1965_01_10_01_386.tcf.xml-161-23	falke_trachten02_1858-2512-40	inferred	1	 	Manschette
26120215_1965_01_10_01_386.tcf.xml-161-23	gutzkow_zeitgenossen01_1842-539-17	inferred	1	 	Manschette
26120215_1965_01_10_01_386.tcf.xml-161-23	heine_lieder_1827-54-16	inferred	1	 	Manschette
26120215_1965_01_10_01_386.tcf.xml-161-23	krane_reitpferd_1856-1715-26	inferred	1	 	Manschette
26120215_1965_01_10_01_386.tcf.xml-161-23	kuernberger_amerikamuede_1855-849-7	inferred	1	 	Manschette
26120215_1965_01_10_01_386.tcf.xml-161-23	meyer_jenatsch_1876-1251-2	inferred	1	 	Manschette
26120215_1965_01_10_01_386.tcf.xml-161-23	meyer_jenatsch_1876-534-13	inferred	1	 	Manschette
26120215_1965_01_10_01_386.tcf.xml-161-23	michelis_reiseschule_1869-402-1	inferred	1	 	Manschette
26120215_1965_01_10_01_386.tcf.xml-161-23	michelis_reiseschule_1869-404-3	inferred	1	 	Manschette
26120215_1965_01_10_01_386.tcf.xml-161-23	mommsen_roemische03_1856-1593-11	inferred	1	 	Manschette
26120215_1965_01_10_01_386.tcf.xml-161-23	mosen_galerie_1844-259-42	inferred	1	 	Manschette
26120215_1965_01_10_01_386.tcf.xml-161-23	paul_titan01_1800-832-144	inferred	1	 	Manschette
26120215_1965_01_10_01_386.tcf.xml-161-23	polenz_buettnerbauer_1895-5600-16	inferred	1	 	Manschette
26120215_1965_01_10_01_386.tcf.xml-161-23	raabe_odfeld_1889-2018-4	inferred	1	 	Manschette
26120215_1965_01_10_01_386.tcf.xml-161-23	storm_immensee_1852-231-13	inferred	1	 	Manschette
26120215_1965_12_24_01_260.tcf.xml-7-6	26120215_1968_03_31_01_226.tcf.xml-48-44	inferred	0	 	Manschette
26120215_1965_12_24_01_260.tcf.xml-7-6	26120215_1969_02_02_01_188.tcf.xml-9-11	inferred	1	 	Manschette
26120215_1965_12_24_01_260.tcf.xml-7-6	26120215_1977_01_03_01_031.tcf.xml-12-1	inferred	0	 	Manschette
26120215_1965_12_24_01_260.tcf.xml-7-6	26120215_1985_04_06_01_236.tcf.xml-6-10	inferred	0	 	Manschette
26120215_1965_12_24_01_260.tcf.xml-7-6	26120215_1986_08_08_01_111.tcf.xml-6-19	inferred	1	 	Manschette
26120215_1965_12_24_01_260.tcf.xml-7-6	26120215_1989_12_09_01_386.tcf.xml-368-2	inferred	1	 	Manschette
26120215_1965_12_24_01_260.tcf.xml-7-6	arnimb_goethe02_1835-21-13	inferred	1	 	Manschette
26120215_1965_12_24_01_260.tcf.xml-7-6	aston_emancipation_1846-250-11	inferred	1	 	Manschette
26120215_1965_12_24_01_260.tcf.xml-7-6	avelallemant_gaunerthum02_1858-2188-11	inferred	1	 	Manschette
26120215_1965_12_24_01_260.tcf.xml-7-6	buechner_werke_1879-5490-17	inferred	1	 	Manschette
26120215_1965_12_24_01_260.tcf.xml-7-6	falke_trachten02_1858-1207-16	inferred	1	 	Manschette
26120215_1965_12_24_01_260.tcf.xml-7-6	falke_trachten02_1858-1657-40	inferred	1	 	Manschette
26120215_1965_12_24_01_260.tcf.xml-7-6	falke_trachten02_1858-1840-46	inferred	1	 	Manschette
26120215_1965_12_24_01_260.tcf.xml-7-6	falke_trachten02_1858-2068-4	inferred	1	 	Manschette
26120215_1965_12_24_01_260.tcf.xml-7-6	falke_trachten02_1858-2512-40	inferred	1	 	Manschette
26120215_1965_12_24_01_260.tcf.xml-7-6	gutzkow_zeitgenossen01_1842-539-17	inferred	1	 	Manschette
26120215_1965_12_24_01_260.tcf.xml-7-6	heine_lieder_1827-54-16	inferred	1	 	Manschette
26120215_1965_12_24_01_260.tcf.xml-7-6	krane_reitpferd_1856-1715-26	inferred	1	 	Manschette
26120215_1965_12_24_01_260.tcf.xml-7-6	kuernberger_amerikamuede_1855-849-7	inferred	1	 	Manschette
26120215_1965_12_24_01_260.tcf.xml-7-6	meyer_jenatsch_1876-1251-2	inferred	1	 	Manschette
26120215_1965_12_24_01_260.tcf.xml-7-6	meyer_jenatsch_1876-534-13	inferred	1	 	Manschette
26120215_1965_12_24_01_260.tcf.xml-7-6	michelis_reiseschule_1869-402-1	inferred	1	 	Manschette
26120215_1965_12_24_01_260.tcf.xml-7-6	michelis_reiseschule_1869-404-3	inferred	1	 	Manschette
26120215_1965_12_24_01_260.tcf.xml-7-6	mommsen_roemische03_1856-1593-11	inferred	1	 	Manschette
26120215_1965_12_24_01_260.tcf.xml-7-6	mosen_galerie_1844-259-42	inferred	1	 	Manschette
26120215_1965_12_24_01_260.tcf.xml-7-6	paul_titan01_1800-832-144	inferred	1	 	Manschette
26120215_1965_12_24_01_260.tcf.xml-7-6	polenz_buettnerbauer_1895-5600-16	inferred	1	 	Manschette
26120215_1965_12_24_01_260.tcf.xml-7-6	raabe_odfeld_1889-2018-4	inferred	1	 	Manschette
26120215_1965_12_24_01_260.tcf.xml-7-6	storm_immensee_1852-231-13	inferred	1	 	Manschette
26120215_1968_03_31_01_226.tcf.xml-48-44	26120215_1969_02_02_01_188.tcf.xml-9-11	inferred	0	 	Manschette
26120215_1968_03_31_01_226.tcf.xml-48-44	26120215_1977_01_03_01_031.tcf.xml-12-1	inferred	0	 	Manschette
26120215_1968_03_31_01_226.tcf.xml-48-44	26120215_1985_04_06_01_236.tcf.xml-6-10	inferred	0	 	Manschette
26120215_1968_03_31_01_226.tcf.xml-48-44	26120215_1986_08_08_01_111.tcf.xml-6-19	inferred	0	 	Manschette
26120215_1968_03_31_01_226.tcf.xml-48-44	26120215_1989_12_09_01_386.tcf.xml-368-2	inferred	0	 	Manschette
26120215_1968_03_31_01_226.tcf.xml-48-44	arnimb_goethe02_1835-21-13	inferred	0	 	Manschette
26120215_1968_03_31_01_226.tcf.xml-48-44	aston_emancipation_1846-250-11	inferred	0	 	Manschette
26120215_1968_03_31_01_226.tcf.xml-48-44	avelallemant_gaunerthum02_1858-2188-11	inferred	0	 	Manschette
26120215_1968_03_31_01_226.tcf.xml-48-44	buechner_werke_1879-5490-17	inferred	0	 	Manschette
26120215_1968_03_31_01_226.tcf.xml-48-44	falke_trachten02_1858-1207-16	inferred	0	 	Manschette
26120215_1968_03_31_01_226.tcf.xml-48-44	falke_trachten02_1858-1657-40	inferred	0	 	Manschette
26120215_1968_03_31_01_226.tcf.xml-48-44	falke_trachten02_1858-1840-46	inferred	0	 	Manschette
26120215_1968_03_31_01_226.tcf.xml-48-44	falke_trachten02_1858-2068-4	inferred	0	 	Manschette
26120215_1968_03_31_01_226.tcf.xml-48-44	falke_trachten02_1858-2512-40	inferred	0	 	Manschette
26120215_1968_03_31_01_226.tcf.xml-48-44	gutzkow_zeitgenossen01_1842-539-17	inferred	0	 	Manschette
26120215_1968_03_31_01_226.tcf.xml-48-44	heine_lieder_1827-54-16	inferred	0	 	Manschette
26120215_1968_03_31_01_226.tcf.xml-48-44	krane_reitpferd_1856-1715-26	inferred	0	 	Manschette
26120215_1968_03_31_01_226.tcf.xml-48-44	kuernberger_amerikamuede_1855-849-7	inferred	0	 	Manschette
26120215_1968_03_31_01_226.tcf.xml-48-44	meyer_jenatsch_1876-1251-2	inferred	0	 	Manschette
26120215_1968_03_31_01_226.tcf.xml-48-44	meyer_jenatsch_1876-534-13	inferred	0	 	Manschette
26120215_1968_03_31_01_226.tcf.xml-48-44	michelis_reiseschule_1869-402-1	inferred	0	 	Manschette
26120215_1968_03_31_01_226.tcf.xml-48-44	michelis_reiseschule_1869-404-3	inferred	0	 	Manschette
26120215_1968_03_31_01_226.tcf.xml-48-44	mommsen_roemische03_1856-1593-11	inferred	0	 	Manschette
26120215_1968_03_31_01_226.tcf.xml-48-44	mosen_galerie_1844-259-42	inferred	0	 	Manschette
26120215_1968_03_31_01_226.tcf.xml-48-44	paul_titan01_1800-832-144	inferred	0	 	Manschette
26120215_1968_03_31_01_226.tcf.xml-48-44	polenz_buettnerbauer_1895-5600-16	inferred	0	 	Manschette
26120215_1968_03_31_01_226.tcf.xml-48-44	raabe_odfeld_1889-2018-4	inferred	0	 	Manschette
26120215_1968_03_31_01_226.tcf.xml-48-44	storm_immensee_1852-231-13	inferred	0	 	Manschette
26120215_1969_02_02_01_188.tcf.xml-9-11	26120215_1977_01_03_01_031.tcf.xml-12-1	inferred	0	 	Manschette
26120215_1969_02_02_01_188.tcf.xml-9-11	26120215_1985_04_06_01_236.tcf.xml-6-10	inferred	0	 	Manschette
26120215_1969_02_02_01_188.tcf.xml-9-11	26120215_1986_08_08_01_111.tcf.xml-6-19	inferred	1	 	Manschette
26120215_1969_02_02_01_188.tcf.xml-9-11	26120215_1989_12_09_01_386.tcf.xml-368-2	inferred	1	 	Manschette
26120215_1969_02_02_01_188.tcf.xml-9-11	arnimb_goethe02_1835-21-13	inferred	1	 	Manschette
26120215_1969_02_02_01_188.tcf.xml-9-11	aston_emancipation_1846-250-11	inferred	1	 	Manschette
26120215_1969_02_02_01_188.tcf.xml-9-11	avelallemant_gaunerthum02_1858-2188-11	inferred	1	 	Manschette
26120215_1969_02_02_01_188.tcf.xml-9-11	buechner_werke_1879-5490-17	inferred	1	 	Manschette
26120215_1969_02_02_01_188.tcf.xml-9-11	falke_trachten02_1858-1207-16	inferred	1	 	Manschette
26120215_1969_02_02_01_188.tcf.xml-9-11	falke_trachten02_1858-1657-40	inferred	1	 	Manschette
26120215_1969_02_02_01_188.tcf.xml-9-11	falke_trachten02_1858-1840-46	inferred	1	 	Manschette
26120215_1969_02_02_01_188.tcf.xml-9-11	falke_trachten02_1858-2068-4	inferred	1	 	Manschette
26120215_1969_02_02_01_188.tcf.xml-9-11	falke_trachten02_1858-2512-40	inferred	1	 	Manschette
26120215_1969_02_02_01_188.tcf.xml-9-11	gutzkow_zeitgenossen01_1842-539-17	inferred	1	 	Manschette
26120215_1969_02_02_01_188.tcf.xml-9-11	heine_lieder_1827-54-16	inferred	1	 	Manschette
26120215_1969_02_02_01_188.tcf.xml-9-11	krane_reitpferd_1856-1715-26	inferred	1	 	Manschette
26120215_1969_02_02_01_188.tcf.xml-9-11	kuernberger_amerikamuede_1855-849-7	inferred	1	 	Manschette
26120215_1969_02_02_01_188.tcf.xml-9-11	meyer_jenatsch_1876-1251-2	inferred	1	 	Manschette
26120215_1969_02_02_01_188.tcf.xml-9-11	meyer_jenatsch_1876-534-13	inferred	1	 	Manschette
26120215_1969_02_02_01_188.tcf.xml-9-11	michelis_reiseschule_1869-402-1	inferred	1	 	Manschette
26120215_1969_02_02_01_188.tcf.xml-9-11	michelis_reiseschule_1869-404-3	inferred	1	 	Manschette
26120215_1969_02_02_01_188.tcf.xml-9-11	mommsen_roemische03_1856-1593-11	inferred	1	 	Manschette
26120215_1969_02_02_01_188.tcf.xml-9-11	mosen_galerie_1844-259-42	inferred	1	 	Manschette
26120215_1969_02_02_01_188.tcf.xml-9-11	paul_titan01_1800-832-144	inferred	1	 	Manschette
26120215_1969_02_02_01_188.tcf.xml-9-11	polenz_buettnerbauer_1895-5600-16	inferred	1	 	Manschette
26120215_1969_02_02_01_188.tcf.xml-9-11	raabe_odfeld_1889-2018-4	inferred	1	 	Manschette
26120215_1969_02_02_01_188.tcf.xml-9-11	storm_immensee_1852-231-13	inferred	1	 	Manschette
26120215_1977_01_03_01_031.tcf.xml-12-1	26120215_1985_04_06_01_236.tcf.xml-6-10	inferred	1	 	Manschette
26120215_1977_01_03_01_031.tcf.xml-12-1	26120215_1986_08_08_01_111.tcf.xml-6-19	inferred	0	 	Manschette
26120215_1977_01_03_01_031.tcf.xml-12-1	26120215_1989_12_09_01_386.tcf.xml-368-2	inferred	0	 	Manschette
26120215_1977_01_03_01_031.tcf.xml-12-1	arnimb_goethe02_1835-21-13	inferred	0	 	Manschette
26120215_1977_01_03_01_031.tcf.xml-12-1	aston_emancipation_1846-250-11	inferred	0	 	Manschette
26120215_1977_01_03_01_031.tcf.xml-12-1	avelallemant_gaunerthum02_1858-2188-11	inferred	0	 	Manschette
26120215_1977_01_03_01_031.tcf.xml-12-1	buechner_werke_1879-5490-17	inferred	0	 	Manschette
26120215_1977_01_03_01_031.tcf.xml-12-1	falke_trachten02_1858-1207-16	inferred	0	 	Manschette
26120215_1977_01_03_01_031.tcf.xml-12-1	falke_trachten02_1858-1657-40	inferred	0	 	Manschette
26120215_1977_01_03_01_031.tcf.xml-12-1	falke_trachten02_1858-1840-46	inferred	0	 	Manschette
26120215_1977_01_03_01_031.tcf.xml-12-1	falke_trachten02_1858-2068-4	inferred	0	 	Manschette
26120215_1977_01_03_01_031.tcf.xml-12-1	falke_trachten02_1858-2512-40	inferred	0	 	Manschette
26120215_1977_01_03_01_031.tcf.xml-12-1	gutzkow_zeitgenossen01_1842-539-17	inferred	0	 	Manschette
26120215_1977_01_03_01_031.tcf.xml-12-1	heine_lieder_1827-54-16	inferred	0	 	Manschette
26120215_1977_01_03_01_031.tcf.xml-12-1	krane_reitpferd_1856-1715-26	inferred	0	 	Manschette
26120215_1977_01_03_01_031.tcf.xml-12-1	kuernberger_amerikamuede_1855-849-7	inferred	0	 	Manschette
26120215_1977_01_03_01_031.tcf.xml-12-1	meyer_jenatsch_1876-1251-2	inferred	0	 	Manschette
26120215_1977_01_03_01_031.tcf.xml-12-1	meyer_jenatsch_1876-534-13	inferred	0	 	Manschette
26120215_1977_01_03_01_031.tcf.xml-12-1	michelis_reiseschule_1869-402-1	inferred	0	 	Manschette
26120215_1977_01_03_01_031.tcf.xml-12-1	michelis_reiseschule_1869-404-3	inferred	0	 	Manschette
26120215_1977_01_03_01_031.tcf.xml-12-1	mommsen_roemische03_1856-1593-11	inferred	0	 	Manschette
26120215_1977_01_03_01_031.tcf.xml-12-1	mosen_galerie_1844-259-42	inferred	0	 	Manschette
26120215_1977_01_03_01_031.tcf.xml-12-1	paul_titan01_1800-832-144	inferred	0	 	Manschette
26120215_1977_01_03_01_031.tcf.xml-12-1	polenz_buettnerbauer_1895-5600-16	inferred	0	 	Manschette
26120215_1977_01_03_01_031.tcf.xml-12-1	raabe_odfeld_1889-2018-4	inferred	0	 	Manschette
26120215_1977_01_03_01_031.tcf.xml-12-1	storm_immensee_1852-231-13	inferred	0	 	Manschette
26120215_1985_04_06_01_236.tcf.xml-6-10	26120215_1986_08_08_01_111.tcf.xml-6-19	inferred	0	 	Manschette
26120215_1985_04_06_01_236.tcf.xml-6-10	26120215_1989_12_09_01_386.tcf.xml-368-2	inferred	0	 	Manschette
26120215_1985_04_06_01_236.tcf.xml-6-10	arnimb_goethe02_1835-21-13	inferred	0	 	Manschette
26120215_1985_04_06_01_236.tcf.xml-6-10	aston_emancipation_1846-250-11	inferred	0	 	Manschette
26120215_1985_04_06_01_236.tcf.xml-6-10	avelallemant_gaunerthum02_1858-2188-11	inferred	0	 	Manschette
26120215_1985_04_06_01_236.tcf.xml-6-10	buechner_werke_1879-5490-17	inferred	0	 	Manschette
26120215_1985_04_06_01_236.tcf.xml-6-10	falke_trachten02_1858-1207-16	inferred	0	 	Manschette
26120215_1985_04_06_01_236.tcf.xml-6-10	falke_trachten02_1858-1657-40	inferred	0	 	Manschette
26120215_1985_04_06_01_236.tcf.xml-6-10	falke_trachten02_1858-1840-46	inferred	0	 	Manschette
26120215_1985_04_06_01_236.tcf.xml-6-10	falke_trachten02_1858-2068-4	inferred	0	 	Manschette
26120215_1985_04_06_01_236.tcf.xml-6-10	falke_trachten02_1858-2512-40	inferred	0	 	Manschette
26120215_1985_04_06_01_236.tcf.xml-6-10	gutzkow_zeitgenossen01_1842-539-17	inferred	0	 	Manschette
26120215_1985_04_06_01_236.tcf.xml-6-10	heine_lieder_1827-54-16	inferred	0	 	Manschette
26120215_1985_04_06_01_236.tcf.xml-6-10	krane_reitpferd_1856-1715-26	inferred	0	 	Manschette
26120215_1985_04_06_01_236.tcf.xml-6-10	kuernberger_amerikamuede_1855-849-7	inferred	0	 	Manschette
26120215_1985_04_06_01_236.tcf.xml-6-10	meyer_jenatsch_1876-1251-2	inferred	0	 	Manschette
26120215_1985_04_06_01_236.tcf.xml-6-10	meyer_jenatsch_1876-534-13	inferred	0	 	Manschette
26120215_1985_04_06_01_236.tcf.xml-6-10	michelis_reiseschule_1869-402-1	inferred	0	 	Manschette
26120215_1985_04_06_01_236.tcf.xml-6-10	michelis_reiseschule_1869-404-3	inferred	0	 	Manschette
26120215_1985_04_06_01_236.tcf.xml-6-10	mommsen_roemische03_1856-1593-11	inferred	0	 	Manschette
26120215_1985_04_06_01_236.tcf.xml-6-10	mosen_galerie_1844-259-42	inferred	0	 	Manschette
26120215_1985_04_06_01_236.tcf.xml-6-10	paul_titan01_1800-832-144	inferred	0	 	Manschette
26120215_1985_04_06_01_236.tcf.xml-6-10	polenz_buettnerbauer_1895-5600-16	inferred	0	 	Manschette
26120215_1985_04_06_01_236.tcf.xml-6-10	raabe_odfeld_1889-2018-4	inferred	0	 	Manschette
26120215_1985_04_06_01_236.tcf.xml-6-10	storm_immensee_1852-231-13	inferred	0	 	Manschette
26120215_1986_08_08_01_111.tcf.xml-6-19	26120215_1989_12_09_01_386.tcf.xml-368-2	inferred	1	 	Manschette
26120215_1986_08_08_01_111.tcf.xml-6-19	arnimb_goethe02_1835-21-13	inferred	1	 	Manschette
26120215_1986_08_08_01_111.tcf.xml-6-19	aston_emancipation_1846-250-11	inferred	1	 	Manschette
26120215_1986_08_08_01_111.tcf.xml-6-19	avelallemant_gaunerthum02_1858-2188-11	inferred	1	 	Manschette
26120215_1986_08_08_01_111.tcf.xml-6-19	buechner_werke_1879-5490-17	inferred	1	 	Manschette
26120215_1986_08_08_01_111.tcf.xml-6-19	falke_trachten02_1858-1207-16	inferred	1	 	Manschette
26120215_1986_08_08_01_111.tcf.xml-6-19	falke_trachten02_1858-1657-40	inferred	1	 	Manschette
26120215_1986_08_08_01_111.tcf.xml-6-19	falke_trachten02_1858-1840-46	inferred	1	 	Manschette
26120215_1986_08_08_01_111.tcf.xml-6-19	falke_trachten02_1858-2068-4	inferred	1	 	Manschette
26120215_1986_08_08_01_111.tcf.xml-6-19	falke_trachten02_1858-2512-40	inferred	1	 	Manschette
26120215_1986_08_08_01_111.tcf.xml-6-19	gutzkow_zeitgenossen01_1842-539-17	inferred	1	 	Manschette
26120215_1986_08_08_01_111.tcf.xml-6-19	heine_lieder_1827-54-16	inferred	1	 	Manschette
26120215_1986_08_08_01_111.tcf.xml-6-19	krane_reitpferd_1856-1715-26	inferred	1	 	Manschette
26120215_1986_08_08_01_111.tcf.xml-6-19	kuernberger_amerikamuede_1855-849-7	inferred	1	 	Manschette
26120215_1986_08_08_01_111.tcf.xml-6-19	meyer_jenatsch_1876-1251-2	inferred	1	 	Manschette
26120215_1986_08_08_01_111.tcf.xml-6-19	meyer_jenatsch_1876-534-13	inferred	1	 	Manschette
26120215_1986_08_08_01_111.tcf.xml-6-19	michelis_reiseschule_1869-402-1	inferred	1	 	Manschette
26120215_1986_08_08_01_111.tcf.xml-6-19	michelis_reiseschule_1869-404-3	inferred	1	 	Manschette
26120215_1986_08_08_01_111.tcf.xml-6-19	mommsen_roemische03_1856-1593-11	inferred	1	 	Manschette
26120215_1986_08_08_01_111.tcf.xml-6-19	mosen_galerie_1844-259-42	inferred	1	 	Manschette
26120215_1986_08_08_01_111.tcf.xml-6-19	paul_titan01_1800-832-144	inferred	1	 	Manschette
26120215_1986_08_08_01_111.tcf.xml-6-19	polenz_buettnerbauer_1895-5600-16	inferred	1	 	Manschette
26120215_1986_08_08_01_111.tcf.xml-6-19	raabe_odfeld_1889-2018-4	inferred	1	 	Manschette
26120215_1986_08_08_01_111.tcf.xml-6-19	storm_immensee_1852-231-13	inferred	1	 	Manschette
26120215_1989_12_09_01_386.tcf.xml-368-2	arnimb_goethe02_1835-21-13	inferred	1	 	Manschette
26120215_1989_12_09_01_386.tcf.xml-368-2	aston_emancipation_1846-250-11	inferred	1	 	Manschette
26120215_1989_12_09_01_386.tcf.xml-368-2	avelallemant_gaunerthum02_1858-2188-11	inferred	1	 	Manschette
26120215_1989_12_09_01_386.tcf.xml-368-2	buechner_werke_1879-5490-17	inferred	1	 	Manschette
26120215_1989_12_09_01_386.tcf.xml-368-2	falke_trachten02_1858-1207-16	inferred	1	 	Manschette
26120215_1989_12_09_01_386.tcf.xml-368-2	falke_trachten02_1858-1657-40	inferred	1	 	Manschette
26120215_1989_12_09_01_386.tcf.xml-368-2	falke_trachten02_1858-1840-46	inferred	1	 	Manschette
26120215_1989_12_09_01_386.tcf.xml-368-2	falke_trachten02_1858-2068-4	inferred	1	 	Manschette
26120215_1989_12_09_01_386.tcf.xml-368-2	falke_trachten02_1858-2512-40	inferred	1	 	Manschette
26120215_1989_12_09_01_386.tcf.xml-368-2	gutzkow_zeitgenossen01_1842-539-17	inferred	1	 	Manschette
26120215_1989_12_09_01_386.tcf.xml-368-2	heine_lieder_1827-54-16	inferred	1	 	Manschette
26120215_1989_12_09_01_386.tcf.xml-368-2	krane_reitpferd_1856-1715-26	inferred	1	 	Manschette
26120215_1989_12_09_01_386.tcf.xml-368-2	kuernberger_amerikamuede_1855-849-7	inferred	1	 	Manschette
26120215_1989_12_09_01_386.tcf.xml-368-2	meyer_jenatsch_1876-1251-2	inferred	1	 	Manschette
26120215_1989_12_09_01_386.tcf.xml-368-2	meyer_jenatsch_1876-534-13	inferred	1	 	Manschette
26120215_1989_12_09_01_386.tcf.xml-368-2	michelis_reiseschule_1869-402-1	inferred	1	 	Manschette
26120215_1989_12_09_01_386.tcf.xml-368-2	michelis_reiseschule_1869-404-3	inferred	1	 	Manschette
26120215_1989_12_09_01_386.tcf.xml-368-2	mommsen_roemische03_1856-1593-11	inferred	1	 	Manschette
26120215_1989_12_09_01_386.tcf.xml-368-2	mosen_galerie_1844-259-42	inferred	1	 	Manschette
26120215_1989_12_09_01_386.tcf.xml-368-2	paul_titan01_1800-832-144	inferred	1	 	Manschette
26120215_1989_12_09_01_386.tcf.xml-368-2	polenz_buettnerbauer_1895-5600-16	inferred	1	 	Manschette
26120215_1989_12_09_01_386.tcf.xml-368-2	raabe_odfeld_1889-2018-4	inferred	1	 	Manschette
26120215_1989_12_09_01_386.tcf.xml-368-2	storm_immensee_1852-231-13	inferred	1	 	Manschette
arnimb_goethe02_1835-21-13	aston_emancipation_1846-250-11	inferred	1	 	Manschette
arnimb_goethe02_1835-21-13	avelallemant_gaunerthum02_1858-2188-11	inferred	1	 	Manschette
arnimb_goethe02_1835-21-13	buechner_werke_1879-5490-17	inferred	1	 	Manschette
arnimb_goethe02_1835-21-13	falke_trachten02_1858-1207-16	inferred	1	 	Manschette
arnimb_goethe02_1835-21-13	falke_trachten02_1858-1657-40	inferred	1	 	Manschette
arnimb_goethe02_1835-21-13	falke_trachten02_1858-1840-46	inferred	1	 	Manschette
arnimb_goethe02_1835-21-13	falke_trachten02_1858-2068-4	inferred	1	 	Manschette
arnimb_goethe02_1835-21-13	falke_trachten02_1858-2512-40	inferred	1	 	Manschette
arnimb_goethe02_1835-21-13	gutzkow_zeitgenossen01_1842-539-17	inferred	1	 	Manschette
arnimb_goethe02_1835-21-13	heine_lieder_1827-54-16	inferred	1	 	Manschette
arnimb_goethe02_1835-21-13	krane_reitpferd_1856-1715-26	inferred	1	 	Manschette
arnimb_goethe02_1835-21-13	kuernberger_amerikamuede_1855-849-7	inferred	1	 	Manschette
arnimb_goethe02_1835-21-13	meyer_jenatsch_1876-1251-2	inferred	1	 	Manschette
arnimb_goethe02_1835-21-13	meyer_jenatsch_1876-534-13	inferred	1	 	Manschette
arnimb_goethe02_1835-21-13	michelis_reiseschule_1869-402-1	inferred	1	 	Manschette
arnimb_goethe02_1835-21-13	michelis_reiseschule_1869-404-3	inferred	1	 	Manschette
arnimb_goethe02_1835-21-13	mommsen_roemische03_1856-1593-11	inferred	1	 	Manschette
arnimb_goethe02_1835-21-13	mosen_galerie_1844-259-42	inferred	1	 	Manschette
arnimb_goethe02_1835-21-13	paul_titan01_1800-832-144	inferred	1	 	Manschette
arnimb_goethe02_1835-21-13	polenz_buettnerbauer_1895-5600-16	inferred	1	 	Manschette
arnimb_goethe02_1835-21-13	raabe_odfeld_1889-2018-4	inferred	1	 	Manschette
arnimb_goethe02_1835-21-13	storm_immensee_1852-231-13	inferred	1	 	Manschette
aston_emancipation_1846-250-11	avelallemant_gaunerthum02_1858-2188-11	inferred	1	 	Manschette
aston_emancipation_1846-250-11	buechner_werke_1879-5490-17	inferred	1	 	Manschette
aston_emancipation_1846-250-11	falke_trachten02_1858-1207-16	inferred	1	 	Manschette
aston_emancipation_1846-250-11	falke_trachten02_1858-1657-40	inferred	1	 	Manschette
aston_emancipation_1846-250-11	falke_trachten02_1858-1840-46	inferred	1	 	Manschette
aston_emancipation_1846-250-11	falke_trachten02_1858-2068-4	inferred	1	 	Manschette
aston_emancipation_1846-250-11	falke_trachten02_1858-2512-40	inferred	1	 	Manschette
aston_emancipation_1846-250-11	gutzkow_zeitgenossen01_1842-539-17	inferred	1	 	Manschette
aston_emancipation_1846-250-11	heine_lieder_1827-54-16	inferred	1	 	Manschette
aston_emancipation_1846-250-11	krane_reitpferd_1856-1715-26	inferred	1	 	Manschette
aston_emancipation_1846-250-11	kuernberger_amerikamuede_1855-849-7	inferred	1	 	Manschette
aston_emancipation_1846-250-11	meyer_jenatsch_1876-1251-2	inferred	1	 	Manschette
aston_emancipation_1846-250-11	meyer_jenatsch_1876-534-13	inferred	1	 	Manschette
aston_emancipation_1846-250-11	michelis_reiseschule_1869-402-1	inferred	1	 	Manschette
aston_emancipation_1846-250-11	michelis_reiseschule_1869-404-3	inferred	1	 	Manschette
aston_emancipation_1846-250-11	mommsen_roemische03_1856-1593-11	inferred	1	 	Manschette
aston_emancipation_1846-250-11	mosen_galerie_1844-259-42	inferred	1	 	Manschette
aston_emancipation_1846-250-11	paul_titan01_1800-832-144	inferred	1	 	Manschette
aston_emancipation_1846-250-11	polenz_buettnerbauer_1895-5600-16	inferred	1	 	Manschette
aston_emancipation_1846-250-11	raabe_odfeld_1889-2018-4	inferred	1	 	Manschette
aston_emancipation_1846-250-11	storm_immensee_1852-231-13	inferred	1	 	Manschette
avelallemant_gaunerthum02_1858-2188-11	buechner_werke_1879-5490-17	inferred	1	 	Manschette
avelallemant_gaunerthum02_1858-2188-11	falke_trachten02_1858-1207-16	inferred	1	 	Manschette
avelallemant_gaunerthum02_1858-2188-11	falke_trachten02_1858-1657-40	inferred	1	 	Manschette
avelallemant_gaunerthum02_1858-2188-11	falke_trachten02_1858-1840-46	inferred	1	 	Manschette
avelallemant_gaunerthum02_1858-2188-11	falke_trachten02_1858-2068-4	inferred	1	 	Manschette
avelallemant_gaunerthum02_1858-2188-11	falke_trachten02_1858-2512-40	inferred	1	 	Manschette
avelallemant_gaunerthum02_1858-2188-11	gutzkow_zeitgenossen01_1842-539-17	inferred	1	 	Manschette
avelallemant_gaunerthum02_1858-2188-11	heine_lieder_1827-54-16	inferred	1	 	Manschette
avelallemant_gaunerthum02_1858-2188-11	krane_reitpferd_1856-1715-26	inferred	1	 	Manschette
avelallemant_gaunerthum02_1858-2188-11	kuernberger_amerikamuede_1855-849-7	inferred	1	 	Manschette
avelallemant_gaunerthum02_1858-2188-11	meyer_jenatsch_1876-1251-2	inferred	1	 	Manschette
avelallemant_gaunerthum02_1858-2188-11	meyer_jenatsch_1876-534-13	inferred	1	 	Manschette
avelallemant_gaunerthum02_1858-2188-11	michelis_reiseschule_1869-402-1	inferred	1	 	Manschette
avelallemant_gaunerthum02_1858-2188-11	michelis_reiseschule_1869-404-3	inferred	1	 	Manschette
avelallemant_gaunerthum02_1858-2188-11	mommsen_roemische03_1856-1593-11	inferred	1	 	Manschette
avelallemant_gaunerthum02_1858-2188-11	mosen_galerie_1844-259-42	inferred	1	 	Manschette
avelallemant_gaunerthum02_1858-2188-11	paul_titan01_1800-832-144	inferred	1	 	Manschette
avelallemant_gaunerthum02_1858-2188-11	polenz_buettnerbauer_1895-5600-16	inferred	1	 	Manschette
avelallemant_gaunerthum02_1858-2188-11	raabe_odfeld_1889-2018-4	inferred	1	 	Manschette
avelallemant_gaunerthum02_1858-2188-11	storm_immensee_1852-231-13	inferred	1	 	Manschette
buechner_werke_1879-5490-17	falke_trachten02_1858-1207-16	inferred	1	 	Manschette
buechner_werke_1879-5490-17	falke_trachten02_1858-1657-40	inferred	1	 	Manschette
buechner_werke_1879-5490-17	falke_trachten02_1858-1840-46	inferred	1	 	Manschette
buechner_werke_1879-5490-17	falke_trachten02_1858-2068-4	inferred	1	 	Manschette
buechner_werke_1879-5490-17	falke_trachten02_1858-2512-40	inferred	1	 	Manschette
buechner_werke_1879-5490-17	gutzkow_zeitgenossen01_1842-539-17	inferred	1	 	Manschette
buechner_werke_1879-5490-17	heine_lieder_1827-54-16	inferred	1	 	Manschette
buechner_werke_1879-5490-17	krane_reitpferd_1856-1715-26	inferred	1	 	Manschette
buechner_werke_1879-5490-17	kuernberger_amerikamuede_1855-849-7	inferred	1	 	Manschette
buechner_werke_1879-5490-17	meyer_jenatsch_1876-1251-2	inferred	1	 	Manschette
buechner_werke_1879-5490-17	meyer_jenatsch_1876-534-13	inferred	1	 	Manschette
buechner_werke_1879-5490-17	michelis_reiseschule_1869-402-1	inferred	1	 	Manschette
buechner_werke_1879-5490-17	michelis_reiseschule_1869-404-3	inferred	1	 	Manschette
buechner_werke_1879-5490-17	mommsen_roemische03_1856-1593-11	inferred	1	 	Manschette
buechner_werke_1879-5490-17	mosen_galerie_1844-259-42	inferred	1	 	Manschette
buechner_werke_1879-5490-17	paul_titan01_1800-832-144	inferred	1	 	Manschette
buechner_werke_1879-5490-17	polenz_buettnerbauer_1895-5600-16	inferred	1	 	Manschette
buechner_werke_1879-5490-17	raabe_odfeld_1889-2018-4	inferred	1	 	Manschette
buechner_werke_1879-5490-17	storm_immensee_1852-231-13	inferred	1	 	Manschette
falke_trachten02_1858-1207-16	falke_trachten02_1858-1657-40	inferred	1	 	Manschette
falke_trachten02_1858-1207-16	falke_trachten02_1858-1840-46	inferred	1	 	Manschette
falke_trachten02_1858-1207-16	falke_trachten02_1858-2068-4	inferred	1	 	Manschette
falke_trachten02_1858-1207-16	falke_trachten02_1858-2512-40	inferred	1	 	Manschette
falke_trachten02_1858-1207-16	gutzkow_zeitgenossen01_1842-539-17	inferred	1	 	Manschette
falke_trachten02_1858-1207-16	heine_lieder_1827-54-16	inferred	1	 	Manschette
falke_trachten02_1858-1207-16	krane_reitpferd_1856-1715-26	inferred	1	 	Manschette
falke_trachten02_1858-1207-16	kuernberger_amerikamuede_1855-849-7	inferred	1	 	Manschette
falke_trachten02_1858-1207-16	meyer_jenatsch_1876-1251-2	inferred	1	 	Manschette
falke_trachten02_1858-1207-16	meyer_jenatsch_1876-534-13	inferred	1	 	Manschette
falke_trachten02_1858-1207-16	michelis_reiseschule_1869-402-1	inferred	1	 	Manschette
falke_trachten02_1858-1207-16	michelis_reiseschule_1869-404-3	inferred	1	 	Manschette
falke_trachten02_1858-1207-16	mommsen_roemische03_1856-1593-11	inferred	1	 	Manschette
falke_trachten02_1858-1207-16	mosen_galerie_1844-259-42	inferred	1	 	Manschette
falke_trachten02_1858-1207-16	paul_titan01_1800-832-144	inferred	1	 	Manschette
falke_trachten02_1858-1207-16	polenz_buettnerbauer_1895-5600-16	inferred	1	 	Manschette
falke_trachten02_1858-1207-16	raabe_odfeld_1889-2018-4	inferred	1	 	Manschette
falke_trachten02_1858-1207-16	storm_immensee_1852-231-13	inferred	1	 	Manschette
falke_trachten02_1858-1657-40	falke_trachten02_1858-1840-46	inferred	1	 	Manschette
falke_trachten02_1858-1657-40	falke_trachten02_1858-2068-4	inferred	1	 	Manschette
falke_trachten02_1858-1657-40	falke_trachten02_1858-2512-40	inferred	1	 	Manschette
falke_trachten02_1858-1657-40	gutzkow_zeitgenossen01_1842-539-17	inferred	1	 	Manschette
falke_trachten02_1858-1657-40	heine_lieder_1827-54-16	inferred	1	 	Manschette
falke_trachten02_1858-1657-40	krane_reitpferd_1856-1715-26	inferred	1	 	Manschette
falke_trachten02_1858-1657-40	kuernberger_amerikamuede_1855-849-7	inferred	1	 	Manschette
falke_trachten02_1858-1657-40	meyer_jenatsch_1876-1251-2	inferred	1	 	Manschette
falke_trachten02_1858-1657-40	meyer_jenatsch_1876-534-13	inferred	1	 	Manschette
falke_trachten02_1858-1657-40	michelis_reiseschule_1869-402-1	inferred	1	 	Manschette
falke_trachten02_1858-1657-40	michelis_reiseschule_1869-404-3	inferred	1	 	Manschette
falke_trachten02_1858-1657-40	mommsen_roemische03_1856-1593-11	inferred	1	 	Manschette
falke_trachten02_1858-1657-40	mosen_galerie_1844-259-42	inferred	1	 	Manschette
falke_trachten02_1858-1657-40	paul_titan01_1800-832-144	inferred	1	 	Manschette
falke_trachten02_1858-1657-40	polenz_buettnerbauer_1895-5600-16	inferred	1	 	Manschette
falke_trachten02_1858-1657-40	raabe_odfeld_1889-2018-4	inferred	1	 	Manschette
falke_trachten02_1858-1657-40	storm_immensee_1852-231-13	inferred	1	 	Manschette
falke_trachten02_1858-1840-46	falke_trachten02_1858-2068-4	inferred	1	 	Manschette
falke_trachten02_1858-1840-46	falke_trachten02_1858-2512-40	inferred	1	 	Manschette
falke_trachten02_1858-1840-46	gutzkow_zeitgenossen01_1842-539-17	inferred	1	 	Manschette
falke_trachten02_1858-1840-46	heine_lieder_1827-54-16	inferred	1	 	Manschette
falke_trachten02_1858-1840-46	krane_reitpferd_1856-1715-26	inferred	1	 	Manschette
falke_trachten02_1858-1840-46	kuernberger_amerikamuede_1855-849-7	inferred	1	 	Manschette
falke_trachten02_1858-1840-46	meyer_jenatsch_1876-1251-2	inferred	1	 	Manschette
falke_trachten02_1858-1840-46	meyer_jenatsch_1876-534-13	inferred	1	 	Manschette
falke_trachten02_1858-1840-46	michelis_reiseschule_1869-402-1	inferred	1	 	Manschette
falke_trachten02_1858-1840-46	michelis_reiseschule_1869-404-3	inferred	1	 	Manschette
falke_trachten02_1858-1840-46	mommsen_roemische03_1856-1593-11	inferred	1	 	Manschette
falke_trachten02_1858-1840-46	mosen_galerie_1844-259-42	inferred	1	 	Manschette
falke_trachten02_1858-1840-46	paul_titan01_1800-832-144	inferred	1	 	Manschette
falke_trachten02_1858-1840-46	polenz_buettnerbauer_1895-5600-16	inferred	1	 	Manschette
falke_trachten02_1858-1840-46	raabe_odfeld_1889-2018-4	inferred	1	 	Manschette
falke_trachten02_1858-1840-46	storm_immensee_1852-231-13	inferred	1	 	Manschette
falke_trachten02_1858-2068-4	falke_trachten02_1858-2512-40	inferred	1	 	Manschette
falke_trachten02_1858-2068-4	gutzkow_zeitgenossen01_1842-539-17	inferred	1	 	Manschette
falke_trachten02_1858-2068-4	heine_lieder_1827-54-16	inferred	1	 	Manschette
falke_trachten02_1858-2068-4	krane_reitpferd_1856-1715-26	inferred	1	 	Manschette
falke_trachten02_1858-2068-4	kuernberger_amerikamuede_1855-849-7	inferred	1	 	Manschette
falke_trachten02_1858-2068-4	meyer_jenatsch_1876-1251-2	inferred	1	 	Manschette
falke_trachten02_1858-2068-4	meyer_jenatsch_1876-534-13	inferred	1	 	Manschette
falke_trachten02_1858-2068-4	michelis_reiseschule_1869-402-1	inferred	1	 	Manschette
falke_trachten02_1858-2068-4	michelis_reiseschule_1869-404-3	inferred	1	 	Manschette
falke_trachten02_1858-2068-4	mommsen_roemische03_1856-1593-11	inferred	1	 	Manschette
falke_trachten02_1858-2068-4	mosen_galerie_1844-259-42	inferred	1	 	Manschette
falke_trachten02_1858-2068-4	paul_titan01_1800-832-144	inferred	1	 	Manschette
falke_trachten02_1858-2068-4	polenz_buettnerbauer_1895-5600-16	inferred	1	 	Manschette
falke_trachten02_1858-2068-4	raabe_odfeld_1889-2018-4	inferred	1	 	Manschette
falke_trachten02_1858-2068-4	storm_immensee_1852-231-13	inferred	1	 	Manschette
falke_trachten02_1858-2512-40	gutzkow_zeitgenossen01_1842-539-17	inferred	1	 	Manschette
falke_trachten02_1858-2512-40	heine_lieder_1827-54-16	inferred	1	 	Manschette
falke_trachten02_1858-2512-40	krane_reitpferd_1856-1715-26	inferred	1	 	Manschette
falke_trachten02_1858-2512-40	kuernberger_amerikamuede_1855-849-7	inferred	1	 	Manschette
falke_trachten02_1858-2512-40	meyer_jenatsch_1876-1251-2	inferred	1	 	Manschette
falke_trachten02_1858-2512-40	meyer_jenatsch_1876-534-13	inferred	1	 	Manschette
falke_trachten02_1858-2512-40	michelis_reiseschule_1869-402-1	inferred	1	 	Manschette
falke_trachten02_1858-2512-40	michelis_reiseschule_1869-404-3	inferred	1	 	Manschette
falke_trachten02_1858-2512-40	mommsen_roemische03_1856-1593-11	inferred	1	 	Manschette
falke_trachten02_1858-2512-40	mosen_galerie_1844-259-42	inferred	1	 	Manschette
falke_trachten02_1858-2512-40	paul_titan01_1800-832-144	inferred	1	 	Manschette
falke_trachten02_1858-2512-40	polenz_buettnerbauer_1895-5600-16	inferred	1	 	Manschette
falke_trachten02_1858-2512-40	raabe_odfeld_1889-2018-4	inferred	1	 	Manschette
falke_trachten02_1858-2512-40	storm_immensee_1852-231-13	inferred	1	 	Manschette
gutzkow_zeitgenossen01_1842-539-17	heine_lieder_1827-54-16	inferred	1	 	Manschette
gutzkow_zeitgenossen01_1842-539-17	krane_reitpferd_1856-1715-26	inferred	1	 	Manschette
gutzkow_zeitgenossen01_1842-539-17	kuernberger_amerikamuede_1855-849-7	inferred	1	 	Manschette
gutzkow_zeitgenossen01_1842-539-17	meyer_jenatsch_1876-1251-2	inferred	1	 	Manschette
gutzkow_zeitgenossen01_1842-539-17	meyer_jenatsch_1876-534-13	inferred	1	 	Manschette
gutzkow_zeitgenossen01_1842-539-17	michelis_reiseschule_1869-402-1	inferred	1	 	Manschette
gutzkow_zeitgenossen01_1842-539-17	michelis_reiseschule_1869-404-3	inferred	1	 	Manschette
gutzkow_zeitgenossen01_1842-539-17	mommsen_roemische03_1856-1593-11	inferred	1	 	Manschette
gutzkow_zeitgenossen01_1842-539-17	mosen_galerie_1844-259-42	inferred	1	 	Manschette
gutzkow_zeitgenossen01_1842-539-17	paul_titan01_1800-832-144	inferred	1	 	Manschette
gutzkow_zeitgenossen01_1842-539-17	polenz_buettnerbauer_1895-5600-16	inferred	1	 	Manschette
gutzkow_zeitgenossen01_1842-539-17	raabe_odfeld_1889-2018-4	inferred	1	 	Manschette
gutzkow_zeitgenossen01_1842-539-17	storm_immensee_1852-231-13	inferred	1	 	Manschette
heine_lieder_1827-54-16	krane_reitpferd_1856-1715-26	inferred	1	 	Manschette
heine_lieder_1827-54-16	kuernberger_amerikamuede_1855-849-7	inferred	1	 	Manschette
heine_lieder_1827-54-16	meyer_jenatsch_1876-1251-2	inferred	1	 	Manschette
heine_lieder_1827-54-16	meyer_jenatsch_1876-534-13	inferred	1	 	Manschette
heine_lieder_1827-54-16	michelis_reiseschule_1869-402-1	inferred	1	 	Manschette
heine_lieder_1827-54-16	michelis_reiseschule_1869-404-3	inferred	1	 	Manschette
heine_lieder_1827-54-16	mommsen_roemische03_1856-1593-11	inferred	1	 	Manschette
heine_lieder_1827-54-16	mosen_galerie_1844-259-42	inferred	1	 	Manschette
heine_lieder_1827-54-16	paul_titan01_1800-832-144	inferred	1	 	Manschette
heine_lieder_1827-54-16	polenz_buettnerbauer_1895-5600-16	inferred	1	 	Manschette
heine_lieder_1827-54-16	raabe_odfeld_1889-2018-4	inferred	1	 	Manschette
heine_lieder_1827-54-16	storm_immensee_1852-231-13	inferred	1	 	Manschette
krane_reitpferd_1856-1715-26	kuernberger_amerikamuede_1855-849-7	inferred	1	 	Manschette
krane_reitpferd_1856-1715-26	meyer_jenatsch_1876-1251-2	inferred	1	 	Manschette
krane_reitpferd_1856-1715-26	meyer_jenatsch_1876-534-13	inferred	1	 	Manschette
krane_reitpferd_1856-1715-26	michelis_reiseschule_1869-402-1	inferred	1	 	Manschette
krane_reitpferd_1856-1715-26	michelis_reiseschule_1869-404-3	inferred	1	 	Manschette
krane_reitpferd_1856-1715-26	mommsen_roemische03_1856-1593-11	inferred	1	 	Manschette
krane_reitpferd_1856-1715-26	mosen_galerie_1844-259-42	inferred	1	 	Manschette
krane_reitpferd_1856-1715-26	paul_titan01_1800-832-144	inferred	1	 	Manschette
krane_reitpferd_1856-1715-26	polenz_buettnerbauer_1895-5600-16	inferred	1	 	Manschette
krane_reitpferd_1856-1715-26	raabe_odfeld_1889-2018-4	inferred	1	 	Manschette
krane_reitpferd_1856-1715-26	storm_immensee_1852-231-13	inferred	1	 	Manschette
kuernberger_amerikamuede_1855-849-7	meyer_jenatsch_1876-1251-2	inferred	1	 	Manschette
kuernberger_amerikamuede_1855-849-7	meyer_jenatsch_1876-534-13	inferred	1	 	Manschette
kuernberger_amerikamuede_1855-849-7	michelis_reiseschule_1869-402-1	inferred	1	 	Manschette
kuernberger_amerikamuede_1855-849-7	michelis_reiseschule_1869-404-3	inferred	1	 	Manschette
kuernberger_amerikamuede_1855-849-7	mommsen_roemische03_1856-1593-11	inferred	1	 	Manschette
kuernberger_amerikamuede_1855-849-7	mosen_galerie_1844-259-42	inferred	1	 	Manschette
kuernberger_amerikamuede_1855-849-7	paul_titan01_1800-832-144	inferred	1	 	Manschette
kuernberger_amerikamuede_1855-849-7	polenz_buettnerbauer_1895-5600-16	inferred	1	 	Manschette
kuernberger_amerikamuede_1855-849-7	raabe_odfeld_1889-2018-4	inferred	1	 	Manschette
kuernberger_amerikamuede_1855-849-7	storm_immensee_1852-231-13	inferred	1	 	Manschette
meyer_jenatsch_1876-1251-2	meyer_jenatsch_1876-534-13	inferred	1	 	Manschette
meyer_jenatsch_1876-1251-2	michelis_reiseschule_1869-402-1	inferred	1	 	Manschette
meyer_jenatsch_1876-1251-2	michelis_reiseschule_1869-404-3	inferred	1	 	Manschette
meyer_jenatsch_1876-1251-2	mommsen_roemische03_1856-1593-11	inferred	1	 	Manschette
meyer_jenatsch_1876-1251-2	mosen_galerie_1844-259-42	inferred	1	 	Manschette
meyer_jenatsch_1876-1251-2	paul_titan01_1800-832-144	inferred	1	 	Manschette
meyer_jenatsch_1876-1251-2	polenz_buettnerbauer_1895-5600-16	inferred	1	 	Manschette
meyer_jenatsch_1876-1251-2	raabe_odfeld_1889-2018-4	inferred	1	 	Manschette
meyer_jenatsch_1876-1251-2	storm_immensee_1852-231-13	inferred	1	 	Manschette
meyer_jenatsch_1876-534-13	michelis_reiseschule_1869-402-1	inferred	1	 	Manschette
meyer_jenatsch_1876-534-13	michelis_reiseschule_1869-404-3	inferred	1	 	Manschette
meyer_jenatsch_1876-534-13	mommsen_roemische03_1856-1593-11	inferred	1	 	Manschette
meyer_jenatsch_1876-534-13	mosen_galerie_1844-259-42	inferred	1	 	Manschette
meyer_jenatsch_1876-534-13	paul_titan01_1800-832-144	inferred	1	 	Manschette
meyer_jenatsch_1876-534-13	polenz_buettnerbauer_1895-5600-16	inferred	1	 	Manschette
meyer_jenatsch_1876-534-13	raabe_odfeld_1889-2018-4	inferred	1	 	Manschette
meyer_jenatsch_1876-534-13	storm_immensee_1852-231-13	inferred	1	 	Manschette
michelis_reiseschule_1869-402-1	michelis_reiseschule_1869-404-3	inferred	1	 	Manschette
michelis_reiseschule_1869-402-1	mommsen_roemische03_1856-1593-11	inferred	1	 	Manschette
michelis_reiseschule_1869-402-1	mosen_galerie_1844-259-42	inferred	1	 	Manschette
michelis_reiseschule_1869-402-1	paul_titan01_1800-832-144	inferred	1	 	Manschette
michelis_reiseschule_1869-402-1	polenz_buettnerbauer_1895-5600-16	inferred	1	 	Manschette
michelis_reiseschule_1869-402-1	raabe_odfeld_1889-2018-4	inferred	1	 	Manschette
michelis_reiseschule_1869-402-1	storm_immensee_1852-231-13	inferred	1	 	Manschette
michelis_reiseschule_1869-404-3	mommsen_roemische03_1856-1593-11	inferred	1	 	Manschette
michelis_reiseschule_1869-404-3	mosen_galerie_1844-259-42	inferred	1	 	Manschette
michelis_reiseschule_1869-404-3	paul_titan01_1800-832-144	inferred	1	 	Manschette
michelis_reiseschule_1869-404-3	polenz_buettnerbauer_1895-5600-16	inferred	1	 	Manschette
michelis_reiseschule_1869-404-3	raabe_odfeld_1889-2018-4	inferred	1	 	Manschette
michelis_reiseschule_1869-404-3	storm_immensee_1852-231-13	inferred	1	 	Manschette
mommsen_roemische03_1856-1593-11	mosen_galerie_1844-259-42	inferred	1	 	Manschette
mommsen_roemische03_1856-1593-11	paul_titan01_1800-832-144	inferred	1	 	Manschette
mommsen_roemische03_1856-1593-11	polenz_buettnerbauer_1895-5600-16	inferred	1	 	Manschette
mommsen_roemische03_1856-1593-11	raabe_odfeld_1889-2018-4	inferred	1	 	Manschette
mommsen_roemische03_1856-1593-11	storm_immensee_1852-231-13	inferred	1	 	Manschette
mosen_galerie_1844-259-42	paul_titan01_1800-832-144	inferred	1	 	Manschette
mosen_galerie_1844-259-42	polenz_buettnerbauer_1895-5600-16	inferred	1	 	Manschette
mosen_galerie_1844-259-42	raabe_odfeld_1889-2018-4	inferred	1	 	Manschette
mosen_galerie_1844-259-42	storm_immensee_1852-231-13	inferred	1	 	Manschette
paul_titan01_1800-832-144	polenz_buettnerbauer_1895-5600-16	inferred	1	 	Manschette
paul_titan01_1800-832-144	raabe_odfeld_1889-2018-4	inferred	1	 	Manschette
paul_titan01_1800-832-144	storm_immensee_1852-231-13	inferred	1	 	Manschette
polenz_buettnerbauer_1895-5600-16	raabe_odfeld_1889-2018-4	inferred	1	 	Manschette
polenz_buettnerbauer_1895-5600-16	storm_immensee_1852-231-13	inferred	1	 	Manschette
raabe_odfeld_1889-2018-4	storm_immensee_1852-231-13	inferred	1	 	Manschette
