	identifier1	identifier2	lemma	dataset	annotator2	annotator5	annotator4	annotator0	annotator1	annotator3	annotator6	annotator8	annotator9	median_label	non_nan_count
4	fic_1820_7562.txt-1590-3	mag_1821_553342.txt-352-17	bar	dwug_en	3.0	2.0					3.0			3.0	3
8	fic_1822_7275.txt-216-23	fic_1850_2310.txt-1321-9	afternoon	dwug_en	4.0		4.0	4.0						4.0	3
9	fic_1822_7275.txt-530-41	fic_1971_14051.txt-667-2	afternoon	dwug_en	4.0	3.0		4.0						4.0	3
10	fic_1824_7022.txt-122-23	fic_1835_7133.txt-535-26	bar	dwug_en	1.0	1.0								1.0	2
13	fic_1824_7022.txt-122-23	fic_1849_7333.txt-947-13	bar	dwug_en	4.0						4.0			4.0	2
19	fic_1824_7022.txt-122-23	fic_1993_25016.txt-1330-5	bar	dwug_en	1.0		1.0							1.0	2
20	fic_1824_7022.txt-122-23	fic_2000_52518.txt-317-5	bar	dwug_en			1.0	1.0						1.0	2
21	fic_1824_7022.txt-122-23	mag_1821_553342.txt-352-17	bar	dwug_en		4.0		4.0						4.0	2
29	fic_1824_7022.txt-122-23	nf_1832_758144.txt-1047-14	bar	dwug_en	4.0						4.0			4.0	2
30	fic_1824_7022.txt-122-23	nf_1833_747716.txt-865-13	bar	dwug_en		3.0					3.0			3.0	2
32	fic_1824_7022.txt-122-23	nf_1856_755595.txt-1034-8	bar	dwug_en				1.0			1.0			1.0	2
33	fic_1824_7022.txt-122-23	nf_1859_747504.txt-1852-7	bar	dwug_en		1.0					4.0			2.5	2
34	fic_1824_7022.txt-122-23	nf_1997_746546.txt-5-2	bar	dwug_en	4.0	4.0								4.0	2
35	fic_1824_7211.txt-3045-8	fic_1856_2470.txt-7252-13	attack	dwug_en			4.0	4.0						4.0	2
36	fic_1824_7211.txt-3045-8	mag_1828_553929.txt-364-34	attack	dwug_en	3.0		3.0							3.0	2
37	fic_1824_7211.txt-3045-8	mag_1854_555935.txt-131-30	attack	dwug_en	4.0		4.0							4.0	2
39	fic_1824_7212.txt-597-16	mag_1828_553929.txt-364-34	attack	dwug_en		3.0	3.0	2.0						3.0	3
40	fic_1825_7041.txt-1647-2	fic_1843_7208.txt-10502-5	afternoon	dwug_en		4.0	4.0							4.0	2
41	fic_1825_7041.txt-1647-2	fic_1850_2310.txt-1321-9	afternoon	dwug_en	3.0					4.0				3.5	2
43	fic_1825_7041.txt-1647-2	fic_1853_7732.txt-4-29	afternoon	dwug_en		4.0		4.0						4.0	2
44	fic_1825_7041.txt-1647-2	fic_1859_1191.txt-2358-42	afternoon	dwug_en	4.0	4.0								4.0	2
45	fic_1825_7041.txt-1647-2	fic_1860_615.txt-1132-40	afternoon	dwug_en		4.0	4.0							4.0	2
46	fic_1825_7041.txt-1647-2	fic_1977_780095.txt-3981-5	afternoon	dwug_en		4.0	4.0							4.0	2
48	fic_1825_7041.txt-1647-2	fic_1988_10770.txt-925-3	afternoon	dwug_en	4.0					4.0				4.0	2
49	fic_1825_7041.txt-1647-2	fic_1993_25005.txt-782-34	afternoon	dwug_en	4.0		4.0							4.0	2
50	fic_1825_7041.txt-1647-2	fic_1996_54472.txt-133-9	afternoon	dwug_en		4.0	4.0							4.0	2
52	fic_1825_7041.txt-1647-2	mag_1979_431971.txt-179-14	afternoon	dwug_en	4.0		4.0							4.0	2
60	fic_1827_9759.txt-3739-20	fic_1838_7086.txt-2732-33	attack	dwug_en			3.0	4.0						3.5	2
61	fic_1827_9759.txt-3739-20	fic_1982_780070.txt-3698-5	attack	dwug_en				2.0				3.0		2.5	2
63	fic_1827_9763.txt-5322-11	fic_1999_45403.txt-19-31	bar	dwug_en	1.0	1.0		1.0						1.0	3
65	fic_1827_9763.txt-5322-11	mag_1821_553342.txt-352-17	bar	dwug_en		1.0		4.0						2.5	2
66	fic_1827_9763.txt-5322-11	mag_1854_555974.txt-331-28	bar	dwug_en	1.0		1.0							1.0	2
70	fic_1831_7002.txt-2243-7	fic_2002_47139.txt-175-11	bar	dwug_en			1.0	2.0						1.5	2
71	fic_1831_7002.txt-2243-7	mag_1854_555974.txt-331-28	bar	dwug_en	1.0		1.0	3.0						1.0	3
77	fic_1831_7210.txt-1507-8	mag_1828_553929.txt-364-34	attack	dwug_en	4.0	3.0								3.5	2
79	fic_1831_7210.txt-510-4	fic_1846_7036.txt-2381-16	afternoon	dwug_en	4.0	2.0								3.0	2
81	fic_1833_7058.txt-473-28	fic_1993_25016.txt-1330-5	bar	dwug_en	1.0	2.0	1.0							1.0	3
83	fic_1833_7058.txt-473-28	mag_1821_553342.txt-352-17	bar	dwug_en		2.0		1.0						1.5	2
85	fic_1833_7058.txt-473-28	nf_1969_774314.txt-1305-14	bar	dwug_en	1.0	3.0								2.0	2
86	fic_1833_7239.txt-1694-15	fic_1838_7086.txt-2732-33	attack	dwug_en	4.0			4.0						4.0	2
88	fic_1833_7239.txt-1694-15	news_1991_612479.txt-40-20	attack	dwug_en			3.0	3.0						3.0	2
91	fic_1833_7239.txt-1694-15	nf_1845_747928.txt-826-66	attack	dwug_en		2.0					2.0			2.0	2
92	fic_1833_7321.txt-162-45	nf_2006_776561.txt-30-8	afternoon	dwug_en	4.0		4.0							4.0	2
93	fic_1834_2652.txt-2410-34	mag_1828_553929.txt-364-34	attack	dwug_en			3.0	2.0						2.5	2
95	fic_1834_2652.txt-5065-36	mag_1828_553929.txt-364-34	attack	dwug_en	4.0	3.0		2.0			2.0			2.5	4
97	fic_1834_7252.txt-206-4	mag_1845_587596.txt-153-9	afternoon	dwug_en	4.0			4.0						4.0	2
98	fic_1834_7252.txt-206-4	nf_1849_762578.txt-1803-0	afternoon	dwug_en	4.0	4.0		4.0						4.0	3
99	fic_1834_7323.txt-604-27	fic_1850_2310.txt-1321-9	afternoon	dwug_en			4.0	4.0						4.0	2
100	fic_1835_7016.txt-2023-9	fic_1838_7086.txt-2732-33	attack	dwug_en	4.0	3.0	4.0	4.0						4.0	4
101	fic_1835_7016.txt-2023-9	mag_1846_555400.txt-243-7	attack	dwug_en	3.0			3.0						3.0	2
102	fic_1835_7016.txt-2023-9	news_1991_612479.txt-40-20	attack	dwug_en	3.0		3.0	3.0						3.0	3
104	fic_1835_7133.txt-535-26	fic_1993_25016.txt-1330-5	bar	dwug_en	1.0					2.0				1.5	2
106	fic_1835_7133.txt-535-26	mag_1850_589456.txt-285-8	bar	dwug_en				1.0		2.0				1.5	2
110	fic_1835_7134.txt-2235-79	mag_1828_553929.txt-364-34	attack	dwug_en	3.0	2.0		2.0			2.0	4.0		2.0	5
111	fic_1835_7134.txt-2235-79	mag_1845_555245.txt-299-1	attack	dwug_en	4.0		3.0					3.0		3.0	3
112	fic_1835_7142.txt-807-41	mag_1828_553929.txt-364-34	attack	dwug_en	4.0	2.0	3.0							3.0	3
113	fic_1835_7142.txt-807-41	mag_1845_555245.txt-299-1	attack	dwug_en		4.0		3.0						3.5	2
114	fic_1835_7172.txt-6030-11	fic_1856_2470.txt-7252-13	attack	dwug_en	4.0		4.0							4.0	2
119	fic_1835_7272.txt-2343-15	fic_1852_9832.txt-757-5	afternoon	dwug_en		4.0	4.0							4.0	2
120	fic_1835_7309.txt-3267-10	fic_1845_7170.txt-4861-9	attack	dwug_en								3.0	3.0	3.0	2
122	fic_1835_7309.txt-3267-10	news_1991_612479.txt-40-20	attack	dwug_en	3.0	3.0								3.0	2
123	fic_1835_7353.txt-1190-8	mag_1855_556005.txt-194-2	afternoon	dwug_en		4.0		4.0						4.0	2
128	fic_1836_7330.txt-1145-5	mag_1854_555974.txt-331-28	bar	dwug_en	1.0		1.0							1.0	2
129	fic_1836_7330.txt-1145-5	mag_2007_390968.txt-43-4	bar	dwug_en	3.0		1.0	3.0						3.0	3
131	fic_1837_8325.txt-663-43	fic_1999_45403.txt-19-31	bar	dwug_en		1.0	1.0							1.0	2
132	fic_1837_8325.txt-663-43	mag_1854_555974.txt-331-28	bar	dwug_en	1.0		1.0	1.0						1.0	3
134	fic_1837_8325.txt-663-43	mag_2007_390968.txt-43-4	bar	dwug_en	1.0	2.0								1.5	2
137	fic_1838_7085.txt-2157-17	fic_2009_36778.txt-461-18	attack	dwug_en	4.0		2.0	3.0						3.0	3
142	fic_1838_7086.txt-2732-33	fic_1858_1282.txt-1444-24	attack	dwug_en	4.0	2.0					2.0			2.0	3
145	fic_1838_7086.txt-2732-33	mag_1828_553929.txt-364-34	attack	dwug_en	3.0	3.0		2.0		2.0	3.0			3.0	5
147	fic_1838_7086.txt-2732-33	mag_1858_506134.txt-148-19	attack	dwug_en	4.0		4.0							4.0	2
150	fic_1838_7086.txt-2732-33	news_1967_726451.txt-39-2	attack	dwug_en	3.0				4.0					3.5	2
151	fic_1838_7086.txt-2732-33	news_1989_669714.txt-32-21	attack	dwug_en	4.0	4.0	4.0	4.0						4.0	4
153	fic_1838_7086.txt-2732-33	nf_1829_747740.txt-792-23	attack	dwug_en	4.0		4.0	4.0						4.0	3
155	fic_1838_7086.txt-2732-33	nf_1975_773861.txt-1436-17	attack	dwug_en		2.0	3.0	3.0						3.0	3
159	fic_1838_7250.txt-1095-10	fic_1839_7024.txt-2377-9	attack	dwug_en	4.0		4.0							4.0	2
163	fic_1839_7024.txt-2377-9	fic_1859_9037.txt-2260-41	attack	dwug_en						2.0	2.0	3.0		2.0	3
165	fic_1839_7024.txt-2377-9	mag_1828_553929.txt-364-34	attack	dwug_en	3.0			2.0			2.0			2.0	3
166	fic_1839_7024.txt-2377-9	mag_1962_492071.txt-8-21	attack	dwug_en			4.0	4.0						4.0	2
167	fic_1839_7024.txt-2377-9	mag_1970_315464.txt-8-1	attack	dwug_en			4.0	4.0						4.0	2
168	fic_1839_7024.txt-2377-9	mag_1980_296744.txt-5-30	attack	dwug_en	3.0	3.0	4.0							3.0	3
169	fic_1839_7024.txt-2377-9	mag_2005_379087.txt-0-11	attack	dwug_en	4.0		4.0							4.0	2
170	fic_1839_7024.txt-2377-9	news_1966_725841.txt-34-33	attack	dwug_en	3.0					3.0				3.0	2
172	fic_1839_7024.txt-2377-9	news_1998_626765.txt-4-8	attack	dwug_en				4.0		3.0				3.5	2
173	fic_1839_7024.txt-2377-9	nf_1845_748321.txt-2041-23	attack	dwug_en		4.0	3.0							3.5	2
174	fic_1839_7024.txt-2377-9	nf_1847_754437.txt-1509-47	attack	dwug_en	3.0		3.0	3.0						3.0	3
175	fic_1839_7068.txt-800-5	fic_1847_8919.txt-1065-12	bar	dwug_en		2.0	1.0							1.5	2
177	fic_1839_7068.txt-800-5	fic_2002_47139.txt-175-11	bar	dwug_en	1.0	1.0								1.0	2
180	fic_1839_7068.txt-800-5	mag_2005_396762.txt-36-69	bar	dwug_en	1.0						2.0			1.5	2
181	fic_1839_7352.txt-2123-7	mag_1855_556005.txt-194-2	afternoon	dwug_en	4.0	3.0	3.0							3.0	3
182	fic_1839_8698.txt-603-9	fic_1854_5388.txt-1142-35	afternoon	dwug_en		4.0		4.0						4.0	2
184	fic_1840_7256.txt-3046-1	fic_1993_25016.txt-1330-5	bar	dwug_en		3.0		3.0						3.0	2
186	fic_1840_7256.txt-3046-1	fic_2002_47139.txt-175-11	bar	dwug_en	1.0						1.0			1.0	2
188	fic_1840_7256.txt-3046-1	mag_1835_554346.txt-252-23	bar	dwug_en		1.0		1.0						1.0	2
189	fic_1840_7256.txt-3046-1	mag_1843_565272.txt-372-29	bar	dwug_en		1.0		1.0						1.0	2
193	fic_1840_8565.txt-260-13	fic_1993_25016.txt-1330-5	bar	dwug_en		3.0	1.0	3.0						3.0	3
194	fic_1840_8565.txt-260-13	fic_2000_52518.txt-317-5	bar	dwug_en	1.0		1.0							1.0	2
197	fic_1842_7158.txt-56-7	fic_1847_8919.txt-1065-12	bar	dwug_en	1.0	2.0	1.0	1.0						1.0	4
201	fic_1842_7158.txt-56-7	mag_1854_555974.txt-331-28	bar	dwug_en			1.0	1.0						1.0	2
203	fic_1842_7206.txt-3926-5	fic_1845_7170.txt-9891-50	afternoon	dwug_en	4.0		4.0	4.0						4.0	3
213	fic_1843_7166.txt-1590-9	mag_1845_555245.txt-299-1	attack	dwug_en			3.0	4.0						3.5	2
214	fic_1843_7166.txt-1590-9	news_1991_612479.txt-40-20	attack	dwug_en			3.0	3.0						3.0	2
218	fic_1843_7208.txt-479-12	fic_2002_47139.txt-175-11	bar	dwug_en	1.0			2.0						1.5	2
219	fic_1843_7208.txt-479-12	fic_2005_32805.txt-98-8	bar	dwug_en	1.0		1.0	1.0						1.0	3
224	fic_1843_7208.txt-8758-13	fic_1993_25016.txt-1330-5	bar	dwug_en	1.0		1.0							1.0	2
225	fic_1843_7208.txt-8758-13	fic_2002_47139.txt-175-11	bar	dwug_en	1.0	1.0	4.0							1.0	3
226	fic_1843_7208.txt-8758-13	mag_1821_553342.txt-352-17	bar	dwug_en	1.0	1.0	4.0							1.0	3
228	fic_1843_7325.txt-1640-7	fic_1997_54614.txt-159-18	afternoon	dwug_en	4.0			4.0						4.0	2
231	fic_1844_3928.txt-3118-8	fic_1968_781997.txt-4233-2	attack	dwug_en				4.0		3.0				3.5	2
234	fic_1844_3928.txt-3118-8	mag_1828_553929.txt-364-34	attack	dwug_en	3.0			2.0						2.5	2
236	fic_1844_3928.txt-3118-8	mag_1850_589167.txt-126-1	attack	dwug_en	4.0		4.0	3.0						4.0	3
237	fic_1844_3928.txt-3118-8	mag_1986_432304.txt-168-36	attack	dwug_en	4.0		3.0	4.0						4.0	3
238	fic_1844_3928.txt-3118-8	mag_1990_342663.txt-0-16	attack	dwug_en				4.0					4.0	4.0	2
239	fic_1844_3928.txt-3118-8	mag_1992_396000.txt-164-14	attack	dwug_en	3.0	4.0								3.5	2
241	fic_1844_3928.txt-3118-8	news_1991_612479.txt-40-20	attack	dwug_en	3.0			2.0		2.0				2.0	3
242	fic_1844_3928.txt-3118-8	news_1998_626765.txt-4-8	attack	dwug_en	3.0			4.0		2.0				3.0	3
243	fic_1844_3928.txt-3118-8	nf_1824_747448.txt-3506-12	attack	dwug_en	4.0		3.0							3.5	2
244	fic_1844_3928.txt-3118-8	nf_1841_762742.txt-2458-9	attack	dwug_en	4.0	3.0		4.0						4.0	3
245	fic_1844_3928.txt-3498-7	fic_1856_2470.txt-7252-13	attack	dwug_en			4.0	4.0						4.0	2
246	fic_1844_3928.txt-3498-7	mag_1828_553929.txt-364-34	attack	dwug_en		2.0		2.0						2.0	2
250	fic_1844_7081.txt-1707-4	mag_1989_492439.txt-6-25	bar	dwug_en		1.0					3.0			2.0	2
251	fic_1844_7081.txt-1707-4	mag_2007_390968.txt-43-4	bar	dwug_en	1.0		1.0							1.0	2
253	fic_1844_7135.txt-185-2	fic_1988_10770.txt-925-3	afternoon	dwug_en			4.0	4.0						4.0	2
254	fic_1844_7148.txt-178-16	mag_1855_556005.txt-194-2	afternoon	dwug_en		4.0		4.0						4.0	2
255	fic_1844_800.txt-2479-17	mag_1828_553929.txt-364-34	attack	dwug_en	4.0	3.0								3.5	2
256	fic_1844_800.txt-2479-17	mag_1854_555935.txt-131-30	attack	dwug_en	3.0	2.0		3.0						3.0	3
257	fic_1845_622.txt-11178-62	mag_1828_553929.txt-364-34	attack	dwug_en		3.0	3.0	2.0						3.0	3
259	fic_1845_622.txt-11187-51	fic_2002_30623.txt-303-9	attack	dwug_en				2.0					1.0	1.5	2
260	fic_1845_622.txt-11187-51	mag_1828_553929.txt-364-34	attack	dwug_en	4.0			2.0			2.0			2.0	3
261	fic_1845_622.txt-11187-51	news_1994_606745.txt-26-26	attack	dwug_en	4.0	3.0		4.0						4.0	3
263	fic_1845_7103.txt-562-47	fic_1852_9832.txt-757-5	afternoon	dwug_en		4.0	4.0							4.0	2
264	fic_1845_7162.txt-3298-53	mag_1854_555935.txt-131-30	attack	dwug_en		3.0	2.0							2.5	2
266	fic_1845_7170.txt-10380-7	fic_1971_14051.txt-667-2	afternoon	dwug_en			4.0	4.0						4.0	2
267	fic_1845_7170.txt-10436-6	news_1991_612479.txt-40-20	attack	dwug_en	4.0		3.0							3.5	2
268	fic_1845_7170.txt-4861-9	fic_1993_25035.txt-820-7	attack	dwug_en		3.0	1.0				2.0			2.0	3
271	fic_1845_7170.txt-5850-9	fic_2002_47139.txt-175-11	bar	dwug_en		1.0	1.0							1.0	2
273	fic_1845_7170.txt-5850-9	mag_1854_555974.txt-331-28	bar	dwug_en	1.0	2.0		3.0			3.0			2.5	4
276	fic_1845_7170.txt-9891-50	nf_1857_753133.txt-1759-5	afternoon	dwug_en	4.0	4.0		4.0						4.0	3
277	fic_1845_7262.txt-1101-7	fic_2002_47139.txt-175-11	bar	dwug_en	1.0		1.0	2.0						1.0	3
278	fic_1845_7262.txt-1101-7	mag_1821_553342.txt-352-17	bar	dwug_en	1.0			1.0						1.0	2
279	fic_1845_7262.txt-1101-7	mag_1854_555974.txt-331-28	bar	dwug_en		2.0		2.0						2.0	2
281	fic_1845_7262.txt-1101-7	news_2006_629441.txt-53-23	bar	dwug_en	1.0						1.0			1.0	2
282	fic_1845_7262.txt-1101-7	nf_1997_746546.txt-7-17	bar	dwug_en	1.0	2.0								1.5	2
286	fic_1845_7342.txt-259-40	mag_1821_553342.txt-352-17	bar	dwug_en	1.0						1.0			1.0	2
287	fic_1845_7342.txt-259-40	mag_1854_555974.txt-331-28	bar	dwug_en	1.0		1.0							1.0	2
291	fic_1845_7342.txt-275-23	fic_1993_25016.txt-1330-5	bar	dwug_en	1.0		1.0							1.0	2
298	fic_1846_200.txt-3364-3	fic_2007_34112.txt-95-13	afternoon	dwug_en	4.0	4.0		4.0						4.0	3
299	fic_1846_544.txt-3481-11	mag_1828_553929.txt-364-34	attack	dwug_en	4.0			2.0			2.0			2.0	3
300	fic_1846_544.txt-3481-11	news_1994_606745.txt-26-26	attack	dwug_en		3.0		4.0						3.5	2
301	fic_1846_7036.txt-2381-16	fic_1855_9098.txt-10134-2	afternoon	dwug_en	4.0	4.0		4.0						4.0	3
302	fic_1846_7036.txt-2381-16	fic_1971_782005.txt-463-14	afternoon	dwug_en	4.0	4.0	4.0	4.0						4.0	4
303	fic_1846_7036.txt-2381-16	fic_1982_16205.txt-2111-8	afternoon	dwug_en		3.0		4.0						3.5	2
305	fic_1846_7036.txt-2381-16	fic_1989_782038.txt-2490-5	afternoon	dwug_en		4.0		4.0						4.0	2
306	fic_1846_7036.txt-2381-16	fic_1997_54614.txt-159-18	afternoon	dwug_en	3.0			4.0						3.5	2
308	fic_1846_7036.txt-2381-16	mag_1855_556005.txt-194-2	afternoon	dwug_en				4.0		4.0				4.0	2
311	fic_1846_7121.txt-2894-16	fic_1856_2470.txt-7252-13	attack	dwug_en		3.0	4.0							3.5	2
312	fic_1846_7121.txt-2894-16	mag_1828_553929.txt-364-34	attack	dwug_en	4.0	3.0		2.0						3.0	3
313	fic_1846_7679.txt-262-9	fic_1854_9193.txt-8301-13	attack	dwug_en	4.0	3.0		2.0						3.0	3
315	fic_1846_7679.txt-262-9	mag_1828_553929.txt-364-34	attack	dwug_en		2.0		2.0						2.0	2
318	fic_1847_1094.txt-4528-4	mag_1855_556005.txt-194-2	afternoon	dwug_en			2.0	4.0						3.0	2
320	fic_1847_7094.txt-3878-12	fic_1993_25016.txt-1330-5	bar	dwug_en	1.0	1.0								1.0	2
323	fic_1847_7343.txt-75-28	fic_2002_47139.txt-175-11	bar	dwug_en		1.0		1.0						1.0	2
326	fic_1847_7343.txt-75-28	mag_1854_555974.txt-331-28	bar	dwug_en		2.0	1.0							1.5	2
329	fic_1847_8919.txt-1065-12	fic_1853_9069.txt-3-11	bar	dwug_en	1.0	2.0	1.0							1.0	3
334	fic_1847_8919.txt-1065-12	fic_1962_10417.txt-5617-32	bar	dwug_en	1.0	4.0	4.0							4.0	3
335	fic_1847_8919.txt-1065-12	fic_1964_16147.txt-1777-7	bar	dwug_en		2.0	4.0	3.0						3.0	3
336	fic_1847_8919.txt-1065-12	fic_1965_10457.txt-1390-16	bar	dwug_en		2.0		1.0						1.5	2
340	fic_1847_8919.txt-1065-12	fic_1973_780108.txt-2947-19	bar	dwug_en		2.0		1.0						1.5	2
341	fic_1847_8919.txt-1065-12	fic_1993_25016.txt-1330-5	bar	dwug_en	1.0				1.0					1.0	2
342	fic_1847_8919.txt-1065-12	fic_1993_25035.txt-2235-16	bar	dwug_en	1.0			2.0		1.0				1.0	3
343	fic_1847_8919.txt-1065-12	fic_1999_45403.txt-19-31	bar	dwug_en				4.0	1.0					2.5	2
344	fic_1847_8919.txt-1065-12	fic_2000_13995.txt-480-6	bar	dwug_en	4.0	1.0		3.0						3.0	3
345	fic_1847_8919.txt-1065-12	fic_2000_38436.txt-821-29	bar	dwug_en	3.0	2.0	4.0	3.0						3.0	4
346	fic_1847_8919.txt-1065-12	fic_2007_34119.txt-128-14	bar	dwug_en	4.0	4.0					1.0			4.0	3
347	fic_1847_8919.txt-1065-12	mag_1819_553205.txt-172-13	bar	dwug_en		1.0		1.0						1.0	2
350	fic_1847_8919.txt-1065-12	mag_1828_553927.txt-412-12	bar	dwug_en		2.0	1.0							1.5	2
351	fic_1847_8919.txt-1065-12	mag_1841_554975.txt-467-21	bar	dwug_en		2.0	1.0							1.5	2
354	fic_1847_8919.txt-1065-12	mag_1860_556997.txt-31-47	bar	dwug_en		1.0		1.0						1.0	2
355	fic_1847_8919.txt-1065-12	mag_1977_109022.txt-68-9	bar	dwug_en	4.0		4.0							4.0	2
356	fic_1847_8919.txt-1065-12	mag_1977_490785.txt-157-11	bar	dwug_en				1.0		1.0				1.0	2
358	fic_1847_8919.txt-1065-12	news_1979_734356.txt-17-9	bar	dwug_en	1.0	1.0								1.0	2
359	fic_1847_8919.txt-1065-12	nf_1833_747716.txt-118-0	bar	dwug_en	1.0		1.0							1.0	2
362	fic_1847_8919.txt-1065-12	nf_1843_747536.txt-1320-10	bar	dwug_en			1.0	1.0						1.0	2
363	fic_1847_8919.txt-1065-12	nf_1844_747607.txt-3721-35	bar	dwug_en	1.0	2.0								1.5	2
366	fic_1847_8919.txt-1065-12	nf_1997_746547.txt-708-17	bar	dwug_en		2.0	1.0	1.0						1.0	3
368	fic_1848_1279.txt-1511-47	fic_1854_9193.txt-8301-13	attack	dwug_en	3.0	3.0		4.0						3.0	3
369	fic_1848_1279.txt-1511-47	fic_1858_1282.txt-1444-24	attack	dwug_en				2.0				3.0		2.5	2
370	fic_1848_1279.txt-1511-47	fic_2009_36778.txt-461-18	attack	dwug_en				4.0					4.0	4.0	2
372	fic_1848_1279.txt-1511-47	mag_1840_586558.txt-356-49	attack	dwug_en				2.0				3.0		2.5	2
373	fic_1848_1279.txt-1511-47	mag_1972_278489.txt-11-19	attack	dwug_en	2.0			2.0			2.0		2.0	2.0	4
375	fic_1848_1279.txt-1511-47	mag_2007_387325.txt-12-20	attack	dwug_en	3.0								2.0	2.5	2
376	fic_1848_1279.txt-1511-47	news_1991_612479.txt-40-20	attack	dwug_en			2.0	2.0						2.0	2
377	fic_1848_1279.txt-1511-47	news_1997_611600.txt-65-2	attack	dwug_en				2.0				3.0		2.5	2
378	fic_1848_1279.txt-1511-47	nf_1975_773861.txt-1436-17	attack	dwug_en				2.0				3.0		2.5	2
379	fic_1848_7009.txt-1181-32	fic_1854_9193.txt-8301-13	attack	dwug_en	4.0	4.0	3.0	2.0	4.0					4.0	5
381	fic_1848_7009.txt-1181-32	fic_2009_36778.txt-461-18	attack	dwug_en	3.0					3.0				3.0	2
382	fic_1848_7009.txt-1181-32	mag_1828_553929.txt-364-34	attack	dwug_en		3.0		2.0						2.5	2
383	fic_1848_7009.txt-1181-32	mag_1834_554263.txt-306-48	attack	dwug_en	3.0	3.0	4.0	4.0						3.5	4
384	fic_1848_7009.txt-1181-32	mag_1838_586203.txt-253-10	attack	dwug_en	4.0		4.0							4.0	2
386	fic_1848_7009.txt-1181-32	mag_1984_299534.txt-14-19	attack	dwug_en	4.0	3.0		4.0						4.0	3
388	fic_1848_7009.txt-1181-32	mag_2007_387325.txt-12-20	attack	dwug_en		2.0					2.0			2.0	2
389	fic_1848_7009.txt-1181-32	nf_1836_749613.txt-2695-7	attack	dwug_en	4.0			4.0						4.0	2
390	fic_1848_7009.txt-1181-32	nf_2008_774816.txt-78-20	attack	dwug_en	4.0	3.0		4.0						4.0	3
392	fic_1848_7107.txt-993-43	fic_1999_45403.txt-19-31	bar	dwug_en	1.0			1.0						1.0	2
393	fic_1848_7107.txt-993-43	mag_1854_555974.txt-331-28	bar	dwug_en	1.0			1.0						1.0	2
394	fic_1848_7107.txt-993-43	mag_2007_390968.txt-43-4	bar	dwug_en	1.0		1.0							1.0	2
397	fic_1848_7193.txt-12821-20	mag_1825_553676.txt-2-14	bar	dwug_en		1.0					1.0			1.0	2
401	fic_1848_7193.txt-3809-25	fic_1852_9832.txt-757-5	afternoon	dwug_en	3.0			4.0						3.5	2
402	fic_1848_7193.txt-9645-37	fic_1852_9832.txt-757-5	afternoon	dwug_en		3.0	4.0							3.5	2
404	fic_1849_2605.txt-1007-13	fic_1851_3300.txt-1083-18	afternoon	dwug_en			4.0	4.0						4.0	2
405	fic_1849_5295.txt-962-22	fic_1851_3300.txt-1083-18	afternoon	dwug_en	4.0		4.0	4.0						4.0	3
406	fic_1849_7167.txt-1658-7	fic_1967_10491.txt-4998-1	afternoon	dwug_en	4.0	4.0								4.0	2
409	fic_1849_7218.txt-2032-3	fic_1997_54614.txt-159-18	afternoon	dwug_en		4.0	4.0	4.0						4.0	3
411	fic_1849_7218.txt-3369-36	fic_1850_2310.txt-1321-9	afternoon	dwug_en	4.0	4.0	4.0							4.0	3
412	fic_1849_7333.txt-947-13	fic_1993_25016.txt-1330-5	bar	dwug_en		1.0	1.0							1.0	2
413	fic_1849_7333.txt-947-13	fic_1999_45403.txt-19-31	bar	dwug_en		1.0		1.0						1.0	2
414	fic_1849_7333.txt-947-13	fic_2002_47139.txt-175-11	bar	dwug_en	1.0			1.0						1.0	2
417	fic_1849_9494.txt-213-14	fic_1999_45403.txt-19-31	bar	dwug_en			1.0	1.0						1.0	2
418	fic_1849_9494.txt-213-14	fic_2000_13995.txt-480-6	bar	dwug_en		1.0					1.0			1.0	2
420	fic_1849_9494.txt-213-14	mag_1854_555974.txt-331-28	bar	dwug_en		2.0	1.0							1.5	2
422	fic_1849_9494.txt-213-14	nf_1969_774314.txt-1846-17	bar	dwug_en		3.0		4.0						3.5	2
424	fic_1850_2310.txt-1321-9	fic_1970_10525.txt-2314-16	afternoon	dwug_en			4.0	4.0						4.0	2
425	fic_1850_2310.txt-1321-9	fic_1971_14051.txt-667-2	afternoon	dwug_en	4.0			4.0		4.0				4.0	3
426	fic_1850_2310.txt-1321-9	fic_1987_780057.txt-318-5	afternoon	dwug_en	4.0			4.0						4.0	2
429	fic_1850_2310.txt-1321-9	fic_1998_43428.txt-168-2	afternoon	dwug_en	4.0	4.0	4.0	4.0						4.0	4
431	fic_1850_2310.txt-1321-9	fic_2008_36241.txt-90-1	afternoon	dwug_en	3.0					4.0				3.5	2
432	fic_1850_2310.txt-1321-9	fic_2009_36384.txt-41-7	afternoon	dwug_en		3.0	4.0							3.5	2
435	fic_1850_2310.txt-1321-9	news_1970_729010.txt-127-17	afternoon	dwug_en	4.0	4.0	4.0							4.0	3
436	fic_1850_2310.txt-1321-9	news_1998_653815.txt-37-5	afternoon	dwug_en		3.0		4.0						3.5	2
438	fic_1850_2310.txt-1321-9	nf_1834_755185.txt-2925-9	afternoon	dwug_en	3.0			4.0						3.5	2
440	fic_1850_7171.txt-326-12	fic_1854_5388.txt-1142-35	afternoon	dwug_en		4.0	4.0	4.0						4.0	3
441	fic_1850_7171.txt-3724-16	fic_1852_69.txt-7946-13	bar	dwug_en		1.0		1.0						1.0	2
443	fic_1850_7171.txt-3724-16	mag_1821_553342.txt-352-17	bar	dwug_en	1.0	1.0	4.0							1.0	3
445	fic_1850_7171.txt-3724-16	mag_2007_390968.txt-43-4	bar	dwug_en	1.0		1.0	3.0						1.0	3
447	fic_1851_3300.txt-1083-18	fic_1852_593.txt-3856-10	afternoon	dwug_en		4.0		4.0						4.0	2
448	fic_1851_3300.txt-1083-18	fic_1854_5388.txt-1142-35	afternoon	dwug_en	4.0			4.0		4.0				4.0	3
453	fic_1851_3300.txt-1083-18	fic_1993_1040090.txt-2612-8	afternoon	dwug_en	4.0	4.0								4.0	2
454	fic_1851_3300.txt-1083-18	fic_1993_25029.txt-3169-3	afternoon	dwug_en			4.0	4.0						4.0	2
457	fic_1851_3300.txt-1083-18	mag_1855_556005.txt-194-2	afternoon	dwug_en				4.0		4.0				4.0	2
458	fic_1851_3300.txt-1083-18	nf_1834_755185.txt-2925-9	afternoon	dwug_en	4.0			4.0		4.0				4.0	3
465	fic_1852_69.txt-6782-7	fic_1997_54614.txt-159-18	afternoon	dwug_en	4.0	4.0								4.0	2
468	fic_1852_69.txt-7946-13	mag_1821_553342.txt-352-17	bar	dwug_en	1.0	1.0		1.0						1.0	3
470	fic_1852_69.txt-7946-13	mag_1999_408585.txt-67-25	bar	dwug_en	1.0			3.0						2.0	2
471	fic_1852_9232.txt-4688-51	fic_1988_10770.txt-925-3	afternoon	dwug_en	4.0			4.0						4.0	2
472	fic_1852_9832.txt-2197-8	mag_1855_556005.txt-194-2	afternoon	dwug_en	4.0			4.0						4.0	2
473	fic_1852_9832.txt-3009-7	fic_1988_10770.txt-925-3	afternoon	dwug_en	4.0	4.0								4.0	2
476	fic_1852_9832.txt-5278-50	mag_2007_390968.txt-43-4	bar	dwug_en		2.0		1.0						1.5	2
478	fic_1852_9832.txt-757-5	fic_1854_5388.txt-1142-35	afternoon	dwug_en	4.0			4.0						4.0	2
479	fic_1852_9832.txt-757-5	fic_1969_10520.txt-3371-43	afternoon	dwug_en		3.0		4.0						3.5	2
480	fic_1852_9832.txt-757-5	fic_1973_10570.txt-2425-28	afternoon	dwug_en		4.0		4.0						4.0	2
481	fic_1852_9832.txt-757-5	fic_1976_23909.txt-198-3	afternoon	dwug_en	4.0	4.0	4.0	4.0						4.0	4
485	fic_1852_9832.txt-757-5	fic_2001_29742.txt-130-10	afternoon	dwug_en	4.0	4.0		4.0						4.0	3
486	fic_1852_9832.txt-757-5	fic_2008_36241.txt-90-1	afternoon	dwug_en				4.0		4.0				4.0	2
488	fic_1852_9832.txt-757-5	mag_1996_424983.txt-549-1	afternoon	dwug_en		4.0	4.0							4.0	2
491	fic_1852_9832.txt-757-5	nf_1857_753133.txt-1759-5	afternoon	dwug_en	4.0			4.0	3.0					4.0	3
492	fic_1852_9832.txt-757-5	nf_2006_776561.txt-30-8	afternoon	dwug_en	3.0			4.0		4.0				4.0	3
493	fic_1853_1170.txt-2289-22	news_1982_671107.txt-19-96	attack	dwug_en		4.0	1.0				3.0			3.0	3
494	fic_1853_1170.txt-2289-22	news_1991_612479.txt-40-20	attack	dwug_en	4.0	2.0		4.0			2.0	3.0		3.0	5
495	fic_1853_2486.txt-330-33	fic_1968_781997.txt-4233-2	attack	dwug_en		4.0	4.0	4.0						4.0	3
496	fic_1853_2486.txt-330-33	mag_1828_553929.txt-364-34	attack	dwug_en			3.0	2.0			2.0			2.0	3
497	fic_1853_4303.txt-2902-31	fic_1853_7732.txt-4-29	afternoon	dwug_en			4.0	4.0						4.0	2
500	fic_1853_9069.txt-3-11	fic_1993_25016.txt-1330-5	bar	dwug_en	1.0		1.0							1.0	2
503	fic_1853_9142.txt-2686-17	fic_1854_9193.txt-8301-13	attack	dwug_en		3.0		2.0		3.0				3.0	3
506	fic_1853_9142.txt-2686-17	fic_1994_54174.txt-61-23	attack	dwug_en				4.0				3.0		3.5	2
507	fic_1853_9142.txt-2686-17	fic_2002_30623.txt-303-9	attack	dwug_en			4.0	4.0						4.0	2
508	fic_1853_9142.txt-2686-17	fic_2009_36778.txt-461-18	attack	dwug_en				3.0		3.0				3.0	2
509	fic_1853_9142.txt-2686-17	mag_1830_554067.txt-275-32	attack	dwug_en	3.0	3.0		2.0						3.0	3
511	fic_1853_9142.txt-2686-17	mag_1972_278489.txt-11-19	attack	dwug_en			1.0	4.0						2.5	2
512	fic_1853_9142.txt-2686-17	mag_1990_342663.txt-0-16	attack	dwug_en	4.0	2.0		3.0			2.0			2.5	4
515	fic_1853_9142.txt-2686-17	mag_2002_398773.txt-149-9	attack	dwug_en	3.0			3.0						3.0	2
516	fic_1853_9142.txt-2686-17	news_1967_726451.txt-39-2	attack	dwug_en	4.0	3.0		2.0						3.0	3
517	fic_1853_9142.txt-2686-17	news_1982_671107.txt-19-96	attack	dwug_en	2.0	2.0	2.0	2.0						2.0	4
519	fic_1853_9142.txt-2686-17	news_1994_606745.txt-26-26	attack	dwug_en	2.0	2.0		2.0						2.0	3
520	fic_1853_9142.txt-2686-17	news_1997_611600.txt-65-2	attack	dwug_en	2.0							3.0		2.5	2
529	fic_1853_9158.txt-3216-38	fic_1987_780057.txt-1105-25	bar	dwug_en	2.0	3.0								2.5	2
530	fic_1853_9158.txt-3216-38	fic_1999_45403.txt-19-31	bar	dwug_en	1.0	1.0		1.0						1.0	3
531	fic_1853_9158.txt-3216-38	mag_1854_555974.txt-331-28	bar	dwug_en		3.0		2.0						2.5	2
533	fic_1854_5388.txt-1142-35	fic_1855_2965.txt-1882-18	afternoon	dwug_en	4.0		4.0							4.0	2
534	fic_1854_5388.txt-1142-35	fic_1988_10770.txt-925-3	afternoon	dwug_en	4.0					4.0				4.0	2
538	fic_1854_5388.txt-1142-35	fic_2006_31500.txt-95-14	afternoon	dwug_en	4.0	3.0								3.5	2
539	fic_1854_5388.txt-1142-35	fic_2007_34112.txt-95-13	afternoon	dwug_en	3.0				3.0					3.0	2
541	fic_1854_5388.txt-1142-35	news_1992_605805.txt-59-34	afternoon	dwug_en	4.0	4.0	4.0							4.0	3
542	fic_1854_5388.txt-1142-35	nf_1834_755185.txt-2925-9	afternoon	dwug_en	3.0				4.0					3.5	2
545	fic_1854_9193.txt-1299-7	fic_2002_47139.txt-175-11	bar	dwug_en	1.0	1.0								1.0	2
549	fic_1854_9193.txt-8301-13	mag_1822_553405.txt-345-25	attack	dwug_en	4.0	3.0		2.0						3.0	3
550	fic_1854_9193.txt-8301-13	mag_1822_553405.txt-347-16	attack	dwug_en		4.0		2.0						3.0	2
551	fic_1854_9193.txt-8301-13	mag_1838_554586.txt-186-30	attack	dwug_en		4.0	3.0							3.5	2
553	fic_1854_9193.txt-8301-13	mag_1846_524014.txt-303-22	attack	dwug_en		3.0		2.0			2.0			2.0	3
555	fic_1854_9193.txt-8301-13	mag_1968_212735.txt-7-17	attack	dwug_en	4.0	3.0	4.0							4.0	3
557	fic_1854_9193.txt-8301-13	news_1965_724715.txt-15-7	attack	dwug_en		3.0	3.0	2.0						3.0	3
562	fic_1854_9193.txt-8301-13	news_2005_650884.txt-75-29	attack	dwug_en		3.0	3.0	2.0						3.0	3
563	fic_1854_9193.txt-8301-13	nf_1859_747415.txt-25-18	attack	dwug_en		4.0	4.0							4.0	2
564	fic_1854_9193.txt-8301-13	nf_2004_775803.txt-29-4	attack	dwug_en		4.0	4.0							4.0	2
566	fic_1855_1209.txt-770-29	mag_1828_553929.txt-364-34	attack	dwug_en		3.0		2.0			2.0			2.0	3
569	fic_1855_2965.txt-1490-13	mag_1855_556005.txt-194-2	afternoon	dwug_en		4.0		4.0						4.0	2
571	fic_1855_2965.txt-376-3	news_1982_671107.txt-19-96	attack	dwug_en			4.0	4.0						4.0	2
574	fic_1856_1281.txt-1476-24	fic_2000_52518.txt-317-5	bar	dwug_en	4.0		4.0							4.0	2
575	fic_1856_1281.txt-3974-34	fic_1993_25016.txt-1330-5	bar	dwug_en			1.0	1.0						1.0	2
576	fic_1856_1281.txt-3974-34	fic_1999_45403.txt-19-31	bar	dwug_en		1.0		1.0						1.0	2
582	fic_1856_1562.txt-1235-42	fic_2002_47139.txt-175-11	bar	dwug_en		1.0	4.0							2.5	2
585	fic_1856_1562.txt-456-6	fic_2005_32805.txt-98-8	bar	dwug_en		2.0	1.0							1.5	2
587	fic_1856_1562.txt-456-6	mag_1854_555974.txt-331-28	bar	dwug_en	1.0		1.0							1.0	2
589	fic_1856_1562.txt-456-6	nf_1827_748059.txt-780-6	bar	dwug_en	1.0						1.0			1.0	2
590	fic_1856_2470.txt-4333-27	fic_1993_25016.txt-1330-5	bar	dwug_en	1.0	1.0		1.0						1.0	3
591	fic_1856_2470.txt-4333-27	fic_1999_45403.txt-19-31	bar	dwug_en	1.0	2.0								1.5	2
592	fic_1856_2470.txt-4333-27	mag_1854_555965.txt-99-21	bar	dwug_en				4.0			3.0			3.5	2
593	fic_1856_2470.txt-4333-27	mag_2007_390968.txt-43-4	bar	dwug_en		2.0	1.0	1.0						1.0	3
601	fic_1856_2470.txt-7252-13	mag_1846_524014.txt-277-34	attack	dwug_en		3.0		4.0						3.5	2
602	fic_1856_2470.txt-7252-13	mag_1854_555935.txt-131-30	attack	dwug_en	2.0	2.0	3.0	2.0		2.0	2.0			2.0	6
606	fic_1856_2470.txt-7252-13	news_1972_730368.txt-11-20	attack	dwug_en	4.0			4.0						4.0	2
607	fic_1856_2470.txt-7252-13	news_1992_605779.txt-127-14	attack	dwug_en	4.0		3.0							3.5	2
609	fic_1856_2655.txt-4746-13	mag_1828_553929.txt-364-34	attack	dwug_en				2.0			2.0			2.0	2
610	fic_1856_2655.txt-4746-13	news_1966_725841.txt-34-33	attack	dwug_en	4.0	3.0		4.0						4.0	3
611	fic_1856_2655.txt-4746-13	news_1982_671107.txt-19-96	attack	dwug_en		3.0		4.0						3.5	2
612	fic_1856_9779.txt-7124-6	news_1991_612479.txt-40-20	attack	dwug_en	4.0	2.0	3.0							3.0	3
613	fic_1856_9779.txt-7124-6	news_1998_626765.txt-4-8	attack	dwug_en	3.0		4.0							3.5	2
626	fic_1857_3100.txt-1597-1	nf_2006_776561.txt-30-8	afternoon	dwug_en			4.0	4.0						4.0	2
627	fic_1857_9075.txt-4573-21	mag_1828_553929.txt-364-34	attack	dwug_en	3.0	3.0								3.0	2
628	fic_1858_1282.txt-1444-24	fic_1982_780051.txt-4396-7	attack	dwug_en		2.0		4.0						3.0	2
631	fic_1858_1282.txt-1444-24	mag_1828_553929.txt-364-34	attack	dwug_en	3.0		2.0	2.0						2.0	3
637	fic_1858_1282.txt-1444-24	news_1984_670941.txt-14-43	attack	dwug_en				2.0				3.0	1.0	2.0	3
638	fic_1858_1282.txt-1444-24	news_1997_611600.txt-65-2	attack	dwug_en								3.0	2.0	2.5	2
640	fic_1858_9768.txt-412-5	fic_2008_36241.txt-90-1	afternoon	dwug_en		4.0	4.0	4.0						4.0	3
641	fic_1858_9768.txt-412-5	mag_1850_565942.txt-396-5	afternoon	dwug_en	4.0	4.0								4.0	2
642	fic_1859_9037.txt-2260-41	mag_1840_586558.txt-356-49	attack	dwug_en								4.0	2.0	3.0	2
644	fic_1859_9037.txt-2260-41	news_1994_606745.txt-26-26	attack	dwug_en	2.0					2.0	2.0			2.0	3
648	fic_1859_9192.txt-10215-27	mag_1854_555974.txt-331-28	bar	dwug_en	1.0	2.0								1.5	2
650	fic_1859_9192.txt-10215-27	nf_1857_753133.txt-433-14	bar	dwug_en	1.0	1.0								1.0	2
652	fic_1859_9192.txt-7101-1	mag_1825_553676.txt-2-14	bar	dwug_en		1.0					1.0			1.0	2
653	fic_1859_9192.txt-7101-1	mag_1854_555974.txt-331-28	bar	dwug_en	1.0		1.0	3.0						1.0	3
654	fic_1859_9192.txt-7101-1	mag_2007_390968.txt-43-4	bar	dwug_en	1.0			1.0						1.0	2
655	fic_1859_9192.txt-7101-1	nf_1969_774314.txt-1846-17	bar	dwug_en				4.0			4.0			4.0	2
656	fic_1859_9220.txt-7735-27	fic_1999_45403.txt-19-31	bar	dwug_en	1.0	4.0		1.0						1.0	3
657	fic_1859_9220.txt-7735-27	mag_1854_555965.txt-99-21	bar	dwug_en		1.0		4.0						2.5	2
658	fic_1859_9220.txt-7735-27	mag_1854_555974.txt-331-28	bar	dwug_en	1.0			1.0						1.0	2
660	fic_1859_9220.txt-7735-27	mag_2007_390968.txt-43-4	bar	dwug_en	1.0		1.0							1.0	2
662	fic_1860_616.txt-3119-6	mag_1855_556005.txt-194-2	afternoon	dwug_en	4.0	3.0								3.5	2
665	fic_1860_7915.txt-320-87	mag_1854_555974.txt-331-28	bar	dwug_en	1.0	2.0		3.0						2.0	3
668	fic_1860_8118.txt-4019-8	fic_1993_25016.txt-1330-5	bar	dwug_en		2.0	1.0							1.5	2
669	fic_1860_8118.txt-4019-8	fic_1999_45403.txt-19-31	bar	dwug_en		1.0	1.0							1.0	2
670	fic_1860_8118.txt-4019-8	fic_2000_52518.txt-317-5	bar	dwug_en	1.0		1.0							1.0	2
671	fic_1860_8118.txt-4019-8	mag_2007_390968.txt-43-4	bar	dwug_en		2.0		1.0						1.5	2
673	fic_1860_8118.txt-4037-43	mag_1828_553929.txt-364-34	attack	dwug_en	3.0			2.0			2.0			2.0	3
674	fic_1860_8118.txt-4037-43	mag_1840_586497.txt-150-6	attack	dwug_en			4.0	4.0						4.0	2
675	fic_1860_9817.txt-1654-35	fic_1992_40272.txt-627-18	afternoon	dwug_en	4.0	3.0	4.0							4.0	3
677	fic_1860_9817.txt-2290-22	news_1998_626765.txt-4-8	attack	dwug_en	4.0			4.0						4.0	2
678	fic_1960_10402.txt-8830-8	mag_1980_491790.txt-342-2	afternoon	dwug_en	4.0			4.0						4.0	2
682	fic_1961_10411.txt-512-33	mag_2007_390968.txt-43-4	bar	dwug_en	1.0	3.0					3.0			3.0	3
684	fic_1961_10413.txt-1517-3	fic_1999_45403.txt-19-31	bar	dwug_en	4.0			3.0						3.5	2
685	fic_1961_10413.txt-1517-3	fic_2000_52518.txt-317-5	bar	dwug_en		4.0		4.0						4.0	2
687	fic_1962_10417.txt-5617-32	fic_2002_47139.txt-175-11	bar	dwug_en	4.0	2.0		4.0						4.0	3
688	fic_1962_10417.txt-5617-32	mag_1854_555974.txt-331-28	bar	dwug_en	1.0			1.0						1.0	2
691	fic_1962_10417.txt-9433-20	news_1966_725841.txt-34-33	attack	dwug_en	4.0	3.0								3.5	2
692	fic_1962_14199.txt-2624-7	fic_2008_36241.txt-90-1	afternoon	dwug_en		4.0	4.0	4.0						4.0	3
693	fic_1962_23789.txt-370-2	fic_1997_54614.txt-159-18	afternoon	dwug_en	4.0			4.0						4.0	2
695	fic_1962_781986.txt-3553-2	news_1991_612479.txt-40-20	attack	dwug_en	3.0		2.0							2.5	2
697	fic_1963_10432.txt-11288-2	fic_2002_47139.txt-175-11	bar	dwug_en	4.0	4.0		4.0						4.0	3
700	fic_1963_10441.txt-521-7	mag_1854_555974.txt-331-28	bar	dwug_en	1.0	2.0								1.5	2
701	fic_1963_10441.txt-521-7	mag_1977_490797.txt-632-9	bar	dwug_en		2.0		4.0						3.0	2
702	fic_1963_10441.txt-521-7	mag_2007_390968.txt-43-4	bar	dwug_en		2.0	1.0							1.5	2
706	fic_1963_23799.txt-145-1	fic_1999_45403.txt-19-31	bar	dwug_en	4.0	4.0		4.0			4.0			4.0	4
707	fic_1963_23799.txt-145-1	fic_2000_52518.txt-317-5	bar	dwug_en	4.0	2.0		3.0			4.0			3.5	4
708	fic_1963_23799.txt-145-1	mag_1854_555974.txt-331-28	bar	dwug_en	1.0	1.0		1.0						1.0	3
711	fic_1964_10454.txt-1540-19	fic_2000_52518.txt-317-5	bar	dwug_en	4.0			3.0						3.5	2
714	fic_1964_16147.txt-1777-7	fic_1993_25016.txt-1330-5	bar	dwug_en		1.0		1.0						1.0	2
716	fic_1964_16147.txt-1777-7	news_2000_633241.txt-70-5	bar	dwug_en				4.0			4.0			4.0	2
717	fic_1964_781988.txt-1664-7	fic_1997_54614.txt-159-18	afternoon	dwug_en	4.0			4.0						4.0	2
718	fic_1965_10457.txt-1390-16	fic_1993_25016.txt-1330-5	bar	dwug_en		1.0	1.0	1.0						1.0	3
720	fic_1965_10457.txt-1390-16	mag_2007_390968.txt-43-4	bar	dwug_en		2.0	1.0							1.5	2
728	fic_1965_10467.txt-3637-5	nf_1857_753133.txt-1759-5	afternoon	dwug_en	4.0		4.0							4.0	2
730	fic_1966_10469.txt-1265-9	fic_2005_32805.txt-98-8	bar	dwug_en	4.0	2.0	1.0	4.0			3.0			3.0	5
732	fic_1966_10469.txt-1265-9	mag_1835_565085.txt-133-11	bar	dwug_en				1.0		1.0				1.0	2
733	fic_1966_10469.txt-1265-9	mag_1854_555974.txt-331-28	bar	dwug_en	1.0					1.0				1.0	2
734	fic_1966_10469.txt-1265-9	mag_2007_390968.txt-43-4	bar	dwug_en	1.0				3.0					2.0	2
735	fic_1966_10469.txt-1265-9	nf_1852_771569.txt-558-20	bar	dwug_en				1.0	1.0	2.0				1.0	3
736	fic_1966_10473.txt-3245-16	fic_1993_25016.txt-1330-5	bar	dwug_en		4.0	1.0	2.0						2.0	3
738	fic_1966_10473.txt-3245-16	fic_2002_47139.txt-175-11	bar	dwug_en		1.0		3.0						2.0	2
739	fic_1966_10473.txt-3245-16	fic_2005_32805.txt-98-8	bar	dwug_en	1.0			3.0			4.0			3.0	3
741	fic_1966_10473.txt-3245-16	nf_1969_774314.txt-1305-14	bar	dwug_en				2.0			1.0			1.5	2
743	fic_1966_781993.txt-4419-9	nf_1834_755185.txt-2925-9	afternoon	dwug_en	4.0	4.0								4.0	2
750	fic_1968_24508.txt-1410-5	fic_2000_52518.txt-317-5	bar	dwug_en	4.0	4.0								4.0	2
752	fic_1968_781997.txt-4233-2	fic_2001_13289.txt-335-18	attack	dwug_en		2.0		3.0						2.5	2
753	fic_1968_781997.txt-4233-2	mag_1832_564345.txt-180-28	attack	dwug_en	4.0	4.0								4.0	2
760	fic_1968_781997.txt-4233-2	news_1972_729986.txt-6-2	attack	dwug_en	3.0			3.0						3.0	2
761	fic_1968_781997.txt-4233-2	news_1991_612479.txt-40-20	attack	dwug_en	3.0		3.0	3.0	4.0	3.0				3.0	5
763	fic_1968_781997.txt-4233-2	nf_1836_747718.txt-1726-17	attack	dwug_en	4.0	3.0	4.0							4.0	3
764	fic_1968_781997.txt-4233-2	nf_1840_768793.txt-1045-33	attack	dwug_en		4.0	4.0							4.0	2
765	fic_1968_781997.txt-4233-2	nf_1844_749098.txt-1617-40	attack	dwug_en		4.0	4.0							4.0	2
766	fic_1969_10517.txt-622-7	fic_1995_53011.txt-273-18	bar	dwug_en	1.0	1.0								1.0	2
769	fic_1969_10517.txt-622-7	mag_1999_408585.txt-67-25	bar	dwug_en	1.0	2.0					2.0			2.0	3
772	fic_1970_10535.txt-1319-11	mag_1854_555974.txt-331-28	bar	dwug_en	1.0	2.0	1.0							1.0	3
776	fic_1970_782002.txt-1125-14	fic_2002_47139.txt-175-11	bar	dwug_en			4.0	3.0			4.0			4.0	3
777	fic_1970_782002.txt-1125-14	mag_1821_553342.txt-352-17	bar	dwug_en	1.0	1.0	1.0	1.0						1.0	4
778	fic_1970_782002.txt-1125-14	mag_1854_555974.txt-331-28	bar	dwug_en		1.0	1.0							1.0	2
781	fic_1970_782004.txt-928-31	fic_1993_25016.txt-1330-5	bar	dwug_en	1.0		1.0	3.0						1.0	3
782	fic_1970_782004.txt-928-31	fic_2000_52518.txt-317-5	bar	dwug_en			1.0	2.0						1.5	2
783	fic_1970_782004.txt-928-31	fic_2005_32805.txt-98-8	bar	dwug_en	1.0		1.0							1.0	2
789	fic_1971_14051.txt-667-2	mag_1854_555969.txt-139-11	afternoon	dwug_en	4.0		4.0							4.0	2
792	fic_1971_14051.txt-667-2	mag_1997_428407.txt-43-45	afternoon	dwug_en		3.0	4.0	4.0						4.0	3
793	fic_1971_14051.txt-667-2	nf_1834_755185.txt-2925-9	afternoon	dwug_en				4.0	4.0					4.0	2
794	fic_1971_14051.txt-667-2	nf_1849_762578.txt-1803-0	afternoon	dwug_en	4.0			4.0						4.0	2
795	fic_1971_23878.txt-100-32	fic_1997_54614.txt-159-18	afternoon	dwug_en	4.0		4.0							4.0	2
796	fic_1971_782009.txt-2373-20	fic_2007_34112.txt-95-13	afternoon	dwug_en		4.0	4.0	4.0						4.0	3
797	fic_1973_16200.txt-63-11	fic_1993_25016.txt-1330-5	bar	dwug_en		1.0		2.0						1.5	2
798	fic_1973_16200.txt-63-11	fic_2005_32805.txt-98-8	bar	dwug_en	4.0			3.0						3.5	2
799	fic_1973_16200.txt-63-11	mag_2007_390968.txt-43-4	bar	dwug_en	3.0		1.0							2.0	2
804	fic_1973_780108.txt-2947-19	fic_1993_25016.txt-1330-5	bar	dwug_en	1.0	2.0								1.5	2
806	fic_1973_780108.txt-2947-19	nf_1846_748061.txt-1284-3	bar	dwug_en				4.0			4.0			4.0	2
809	fic_1974_782013.txt-1545-5	mag_1980_491790.txt-342-2	afternoon	dwug_en	4.0		4.0	4.0						4.0	3
810	fic_1976_10617.txt-1529-5	news_1991_612479.txt-40-20	attack	dwug_en	4.0	2.0		3.0						3.0	3
811	fic_1976_23910.txt-121-6	nf_1834_755185.txt-2925-9	afternoon	dwug_en	4.0			4.0						4.0	2
812	fic_1976_780158.txt-4351-7	fic_2005_32805.txt-98-8	bar	dwug_en	4.0	4.0	4.0							4.0	3
813	fic_1976_780158.txt-4351-7	mag_1854_555974.txt-331-28	bar	dwug_en	1.0	2.0								1.5	2
814	fic_1976_780158.txt-4351-7	mag_2007_390968.txt-43-4	bar	dwug_en		3.0		4.0						3.5	2
815	fic_1977_10624.txt-816-11	mag_1828_553929.txt-364-34	attack	dwug_en	3.0		4.0							3.5	2
816	fic_1977_780095.txt-189-7	fic_1993_25016.txt-1330-5	bar	dwug_en		1.0	1.0	1.0						1.0	3
817	fic_1977_780095.txt-189-7	fic_2002_47139.txt-175-11	bar	dwug_en	3.0	4.0		3.0						3.0	3
818	fic_1977_780095.txt-189-7	mag_1821_553342.txt-352-17	bar	dwug_en	1.0	2.0								1.5	2
821	fic_1977_780102.txt-1079-6	fic_1992_40272.txt-627-18	afternoon	dwug_en	3.0		4.0	4.0						4.0	3
822	fic_1978_10636.txt-27104-7	fic_1993_25016.txt-1330-5	bar	dwug_en	1.0			1.0						1.0	2
823	fic_1978_10636.txt-27104-7	fic_2002_47139.txt-175-11	bar	dwug_en				3.0			1.0			2.0	2
826	fic_1978_10636.txt-27104-7	mag_1854_555974.txt-331-28	bar	dwug_en	1.0	1.0								1.0	2
829	fic_1978_10636.txt-842-8	fic_2002_47139.txt-175-11	bar	dwug_en			4.0	3.0						3.5	2
830	fic_1978_10636.txt-842-8	fic_2005_32805.txt-98-8	bar	dwug_en	4.0		1.0	3.0						3.0	3
833	fic_1978_23929.txt-76-14	mag_1821_553342.txt-352-17	bar	dwug_en			1.0	1.0						1.0	2
834	fic_1978_23929.txt-76-14	mag_2007_390968.txt-43-4	bar	dwug_en	1.0		1.0							1.0	2
835	fic_1978_23929.txt-76-14	news_1982_668343.txt-120-14	bar	dwug_en		1.0		1.0						1.0	2
839	fic_1980_780048.txt-1170-3	nf_2006_776561.txt-30-8	afternoon	dwug_en		4.0	4.0	4.0						4.0	3
840	fic_1981_780049.txt-3544-12	fic_1993_25016.txt-1330-5	bar	dwug_en	1.0		1.0							1.0	2
841	fic_1981_780049.txt-3544-12	fic_1999_45403.txt-19-31	bar	dwug_en	4.0			3.0						3.5	2
842	fic_1981_780049.txt-3544-12	fic_2002_47139.txt-175-11	bar	dwug_en	3.0	2.0	4.0				4.0			3.5	4
843	fic_1982_13389.txt-1305-4	fic_1993_25016.txt-1330-5	bar	dwug_en		2.0	1.0							1.5	2
844	fic_1982_13389.txt-1305-4	mag_1821_553342.txt-352-17	bar	dwug_en	1.0	1.0		1.0						1.0	3
845	fic_1982_13389.txt-1305-4	mag_1854_555974.txt-331-28	bar	dwug_en	1.0						1.0			1.0	2
846	fic_1982_13389.txt-1305-4	mag_2007_390968.txt-43-4	bar	dwug_en	3.0			3.0						3.0	2
847	fic_1982_780051.txt-4396-7	mag_1828_553929.txt-364-34	attack	dwug_en			1.0	2.0						1.5	2
848	fic_1982_780051.txt-4396-7	mag_1845_555245.txt-299-1	attack	dwug_en		2.0	1.0	3.0						2.0	3
853	fic_1982_780070.txt-3698-5	mag_1828_553929.txt-364-34	attack	dwug_en	3.0	2.0		3.0			2.0			2.5	4
858	fic_1983_23972.txt-314-7	mag_2007_390968.txt-43-4	bar	dwug_en	3.0	2.0		4.0						3.0	3
859	fic_1983_23972.txt-314-7	nf_1846_748061.txt-1284-3	bar	dwug_en		1.0					1.0			1.0	2
860	fic_1983_782026.txt-2184-5	fic_1987_780057.txt-318-5	afternoon	dwug_en		3.0	4.0							3.5	2
861	fic_1984_14628.txt-868-5	fic_1992_40272.txt-627-18	afternoon	dwug_en	4.0		4.0	4.0						4.0	3
862	fic_1985_10734.txt-12072-29	fic_2000_52518.txt-317-5	bar	dwug_en	4.0			3.0						3.5	2
864	fic_1985_10734.txt-12072-29	mag_1854_555974.txt-331-28	bar	dwug_en		1.0	1.0							1.0	2
866	fic_1985_10734.txt-12072-29	nf_1850_748019.txt-94-1	bar	dwug_en	1.0			1.0						1.0	2
867	fic_1985_780062.txt-118-13	mag_1828_553929.txt-364-34	attack	dwug_en	3.0	2.0	3.0							3.0	3
868	fic_1986_782031.txt-439-25	nf_1834_755185.txt-2925-9	afternoon	dwug_en	4.0			4.0						4.0	2
869	fic_1986_782032.txt-5195-1	mag_1828_553929.txt-364-34	attack	dwug_en	4.0			2.0			3.0			3.0	3
871	fic_1987_780057.txt-1105-25	fic_1993_25016.txt-1330-5	bar	dwug_en		3.0		3.0						3.0	2
872	fic_1987_780057.txt-1105-25	fic_1999_45403.txt-19-31	bar	dwug_en		1.0		1.0						1.0	2
879	fic_1987_780057.txt-1105-25	mag_2007_390968.txt-43-4	bar	dwug_en		1.0	1.0							1.0	2
880	fic_1987_780057.txt-1105-25	nf_1841_747644.txt-1703-81	bar	dwug_en	1.0	1.0								1.0	2
884	fic_1987_780057.txt-318-5	fic_1992_40272.txt-627-18	afternoon	dwug_en					4.0	4.0				4.0	2
888	fic_1987_780057.txt-318-5	news_1968_727538.txt-57-7	afternoon	dwug_en			4.0	4.0						4.0	2
890	fic_1987_780057.txt-318-5	nf_1849_762578.txt-1803-0	afternoon	dwug_en				4.0		4.0				4.0	2
892	fic_1987_780057.txt-318-5	nf_2008_774723.txt-0-8	afternoon	dwug_en	4.0	4.0								4.0	2
893	fic_1987_780058.txt-2587-3	mag_1980_491790.txt-342-2	afternoon	dwug_en	4.0			4.0						4.0	2
894	fic_1987_782033.txt-287-7	mag_1854_555935.txt-131-30	attack	dwug_en	4.0		3.0	3.0						3.0	3
895	fic_1987_782033.txt-287-7	news_1991_612479.txt-40-20	attack	dwug_en	3.0		3.0							3.0	2
896	fic_1988_10770.txt-925-3	fic_1992_40272.txt-627-18	afternoon	dwug_en				4.0		4.0				4.0	2
897	fic_1988_10770.txt-925-3	mag_1855_556005.txt-194-2	afternoon	dwug_en	4.0					4.0				4.0	2
898	fic_1988_10770.txt-925-3	mag_1968_490661.txt-153-13	afternoon	dwug_en	4.0		4.0	4.0						4.0	3
899	fic_1988_10770.txt-925-3	mag_1968_490662.txt-89-5	afternoon	dwug_en	4.0		4.0	4.0						4.0	3
903	fic_1988_780054.txt-2791-11	mag_1828_553929.txt-364-34	attack	dwug_en	3.0		2.0	2.0			2.0			2.0	4
904	fic_1988_780054.txt-2791-11	mag_1854_555935.txt-131-30	attack	dwug_en		3.0	3.0							3.0	2
906	fic_1989_10789.txt-3471-25	fic_1993_25016.txt-1330-5	bar	dwug_en		2.0	1.0	2.0						2.0	3
907	fic_1989_10789.txt-3471-25	fic_1999_45403.txt-19-31	bar	dwug_en	3.0			3.0						3.0	2
908	fic_1989_10789.txt-3471-25	mag_2007_390968.txt-43-4	bar	dwug_en		3.0	1.0	2.0						2.0	3
911	fic_1989_10790.txt-3942-6	mag_1854_555974.txt-331-28	bar	dwug_en	1.0		1.0							1.0	2
912	fic_1989_10790.txt-3942-6	mag_2007_390968.txt-43-4	bar	dwug_en	1.0		1.0	3.0						1.0	3
913	fic_1989_10790.txt-3942-6	nf_1969_774314.txt-1846-17	bar	dwug_en	3.0						4.0			3.5	2
916	fic_1991_53377.txt-41-16	fic_2005_32805.txt-98-8	bar	dwug_en		4.0	4.0							4.0	2
921	fic_1992_40272.txt-627-18	fic_2006_51045.txt-778-3	afternoon	dwug_en	4.0			4.0						4.0	2
923	fic_1992_40272.txt-627-18	nf_1849_762578.txt-1803-0	afternoon	dwug_en	3.0			4.0						3.5	2
927	fic_1993_1040092.txt-5145-7	mag_1855_556005.txt-194-2	afternoon	dwug_en			2.0	4.0						3.0	2
928	fic_1993_25005.txt-782-34	mag_1984_432163.txt-74-2	afternoon	dwug_en	4.0	4.0								4.0	2
929	fic_1993_25006.txt-4744-21	fic_1993_25016.txt-1330-5	bar	dwug_en			1.0	2.0						1.5	2
930	fic_1993_25006.txt-4744-21	fic_2002_47139.txt-175-11	bar	dwug_en	4.0	3.0								3.5	2
931	fic_1993_25006.txt-4744-21	fic_2005_32805.txt-98-8	bar	dwug_en	4.0		4.0							4.0	2
933	fic_1993_25010.txt-3964-10	fic_2000_52518.txt-317-5	bar	dwug_en	4.0		3.0							3.5	2
934	fic_1993_25010.txt-3964-10	fic_2005_32805.txt-98-8	bar	dwug_en	4.0	3.0	3.0							3.0	3
935	fic_1993_25010.txt-3964-10	mag_1854_555974.txt-331-28	bar	dwug_en	1.0			1.0						1.0	2
936	fic_1993_25010.txt-3964-10	mag_1977_490785.txt-157-11	bar	dwug_en				1.0	1.0					1.0	2
941	fic_1993_25016.txt-1330-5	fic_2000_28758.txt-3-6	bar	dwug_en		1.0		2.0						1.5	2
942	fic_1993_25016.txt-1330-5	fic_2000_30931.txt-158-27	bar	dwug_en		1.0		1.0						1.0	2
944	fic_1993_25016.txt-1330-5	fic_2004_780508.txt-1941-2	bar	dwug_en	1.0			2.0						1.5	2
946	fic_1993_25016.txt-1330-5	mag_1819_553205.txt-172-13	bar	dwug_en			1.0	1.0						1.0	2
948	fic_1993_25016.txt-1330-5	mag_1827_553811.txt-127-14	bar	dwug_en		1.0	1.0							1.0	2
949	fic_1993_25016.txt-1330-5	mag_1827_553832.txt-90-17	bar	dwug_en		1.0	1.0	1.0						1.0	3
950	fic_1993_25016.txt-1330-5	mag_1828_553911.txt-101-18	bar	dwug_en	1.0	1.0	1.0							1.0	3
951	fic_1993_25016.txt-1330-5	mag_1833_564484.txt-71-112	bar	dwug_en	1.0	2.0	1.0	3.0						1.5	4
952	fic_1993_25016.txt-1330-5	mag_1835_565085.txt-133-11	bar	dwug_en	1.0			1.0						1.0	2
953	fic_1993_25016.txt-1330-5	mag_1840_586555.txt-209-16	bar	dwug_en	1.0	1.0	1.0	1.0						1.0	4
954	fic_1993_25016.txt-1330-5	mag_1841_554917.txt-240-4	bar	dwug_en		2.0		1.0						1.5	2
956	fic_1993_25016.txt-1330-5	mag_1843_555150.txt-426-40	bar	dwug_en	1.0	2.0		1.0						1.0	3
957	fic_1993_25016.txt-1330-5	mag_1846_524077.txt-140-15	bar	dwug_en	1.0	1.0								1.0	2
958	fic_1993_25016.txt-1330-5	mag_1848_555562.txt-529-23	bar	dwug_en			1.0	1.0						1.0	2
959	fic_1993_25016.txt-1330-5	mag_1854_555974.txt-331-28	bar	dwug_en	1.0	3.0	1.0	2.0		3.0				2.0	5
960	fic_1993_25016.txt-1330-5	mag_1977_109022.txt-68-9	bar	dwug_en	1.0		1.0							1.0	2
961	fic_1993_25016.txt-1330-5	mag_1977_490785.txt-157-11	bar	dwug_en	1.0	1.0								1.0	2
962	fic_1993_25016.txt-1330-5	mag_1977_490789.txt-112-14	bar	dwug_en	2.0	4.0								3.0	2
964	fic_1993_25016.txt-1330-5	mag_1983_432145.txt-116-0	bar	dwug_en	1.0		1.0	1.0						1.0	3
965	fic_1993_25016.txt-1330-5	mag_1986_333553.txt-17-4	bar	dwug_en		2.0	1.0							1.5	2
966	fic_1993_25016.txt-1330-5	mag_1996_426302.txt-31-32	bar	dwug_en	1.0		1.0	1.0						1.0	3
968	fic_1993_25016.txt-1330-5	mag_2001_410379.txt-52-6	bar	dwug_en	1.0	1.0								1.0	2
969	fic_1993_25016.txt-1330-5	mag_2001_416721.txt-69-0	bar	dwug_en	1.0			1.0						1.0	2
970	fic_1993_25016.txt-1330-5	mag_2002_416592.txt-45-2	bar	dwug_en		2.0		3.0						2.5	2
971	fic_1993_25016.txt-1330-5	mag_2002_421274.txt-153-12	bar	dwug_en				3.0			2.0			2.5	2
973	fic_1993_25016.txt-1330-5	mag_2005_396762.txt-36-69	bar	dwug_en	4.0	4.0								4.0	2
976	fic_1993_25016.txt-1330-5	news_2006_629441.txt-53-23	bar	dwug_en		1.0	1.0							1.0	2
977	fic_1993_25016.txt-1330-5	news_2007_637878.txt-23-19	bar	dwug_en		3.0	1.0				2.0			2.0	3
979	fic_1993_25016.txt-1330-5	nf_1832_758144.txt-1047-14	bar	dwug_en	1.0			1.0						1.0	2
980	fic_1993_25016.txt-1330-5	nf_1833_747463.txt-185-12	bar	dwug_en	1.0	1.0		1.0						1.0	3
984	fic_1993_25016.txt-1330-5	nf_1837_747882.txt-1668-34	bar	dwug_en	1.0		1.0							1.0	2
986	fic_1993_25016.txt-1330-5	nf_1844_747607.txt-3721-35	bar	dwug_en		3.0		3.0						3.0	2
987	fic_1993_25016.txt-1330-5	nf_1844_747607.txt-6839-38	bar	dwug_en	1.0		1.0							1.0	2
994	fic_1993_25016.txt-1330-5	nf_1998_775166.txt-88-20	bar	dwug_en	1.0	3.0	1.0				2.0			1.5	4
995	fic_1993_25016.txt-1330-5	nf_2001_746558.txt-31-50	bar	dwug_en	1.0			1.0						1.0	2
996	fic_1993_25026.txt-440-9	news_1991_612479.txt-40-20	attack	dwug_en		4.0	2.0							3.0	2
997	fic_1993_25029.txt-2315-14	mag_1980_491790.txt-342-2	afternoon	dwug_en		4.0		4.0						4.0	2
998	fic_1993_25035.txt-2235-16	fic_2000_13995.txt-480-6	bar	dwug_en	4.0			4.0						4.0	2
999	fic_1993_25035.txt-2235-16	fic_2000_52518.txt-317-5	bar	dwug_en	3.0	2.0	4.0	3.0						3.0	4
1000	fic_1993_25035.txt-2235-16	fic_2005_32805.txt-98-8	bar	dwug_en	2.0	2.0	4.0	3.0						2.5	4
1001	fic_1993_25035.txt-2235-16	mag_1827_553832.txt-90-17	bar	dwug_en	1.0		1.0							1.0	2
1003	fic_1993_25035.txt-2235-16	mag_1850_589456.txt-285-8	bar	dwug_en	1.0			1.0						1.0	2
1004	fic_1993_25035.txt-2235-16	mag_1977_490785.txt-157-11	bar	dwug_en				1.0		1.0				1.0	2
1010	fic_1993_25035.txt-820-7	mag_2005_379002.txt-22-10	attack	dwug_en	3.0	2.0		3.0						3.0	3
1011	fic_1993_25035.txt-820-7	news_1965_724563.txt-1-1	attack	dwug_en	3.0	3.0		2.0						3.0	3
1013	fic_1993_25035.txt-820-7	news_1998_626765.txt-4-8	attack	dwug_en	3.0	2.0	2.0	2.0	4.0					2.0	5
1014	fic_1993_25035.txt-820-7	nf_1964_773930.txt-468-27	attack	dwug_en			1.0	3.0						2.0	2
1015	fic_1993_53896.txt-67-8	mag_1980_491790.txt-342-2	afternoon	dwug_en	4.0	4.0	4.0							4.0	3
1022	fic_1994_54174.txt-61-23	news_1982_671107.txt-19-96	attack	dwug_en		2.0	2.0				2.0			2.0	3
1023	fic_1995_53011.txt-273-18	fic_1999_45403.txt-19-31	bar	dwug_en		4.0	4.0	4.0						4.0	3
1024	fic_1995_53011.txt-273-18	fic_2002_47139.txt-175-11	bar	dwug_en	4.0			3.0						3.5	2
1026	fic_1997_14534.txt-664-5	fic_1999_45403.txt-19-31	bar	dwug_en		1.0	1.0							1.0	2
1029	fic_1997_14534.txt-664-5	nf_1846_748061.txt-1284-3	bar	dwug_en	4.0	4.0								4.0	2
1030	fic_1997_54614.txt-159-18	fic_1999_44564.txt-215-2	afternoon	dwug_en	4.0	3.0	4.0							4.0	3
1031	fic_1997_54614.txt-159-18	fic_2000_28733.txt-1-8	afternoon	dwug_en	4.0		4.0	4.0						4.0	3
1033	fic_1997_54614.txt-159-18	mag_1848_565759.txt-119-14	afternoon	dwug_en	4.0		4.0	4.0						4.0	3
1034	fic_1997_54614.txt-159-18	mag_1983_326806.txt-11-8	afternoon	dwug_en	4.0			4.0						4.0	2
1037	fic_1997_54614.txt-159-18	nf_2005_775713.txt-23-7	afternoon	dwug_en	4.0		4.0	4.0						4.0	3
1038	fic_1998_31990.txt-71-5	fic_1999_45403.txt-19-31	bar	dwug_en	4.0	4.0								4.0	2
1039	fic_1998_31990.txt-71-5	fic_2000_52518.txt-317-5	bar	dwug_en	4.0	4.0		4.0						4.0	3
1042	fic_1998_43533.txt-4-2	news_1991_612479.txt-40-20	attack	dwug_en	4.0	2.0					2.0			2.0	3
1043	fic_1999_28744.txt-4-23	fic_2005_32805.txt-98-8	bar	dwug_en		2.0	1.0	2.0						2.0	3
1044	fic_1999_28744.txt-4-23	mag_1854_555974.txt-331-28	bar	dwug_en	2.0			2.0						2.0	2
1048	fic_1999_45403.txt-19-31	fic_2005_32805.txt-98-8	bar	dwug_en	2.0			3.0	4.0	4.0				3.5	4
1050	fic_1999_45403.txt-19-31	mag_1833_564484.txt-71-112	bar	dwug_en	1.0		1.0	1.0						1.0	3
1051	fic_1999_45403.txt-19-31	mag_1835_554346.txt-252-23	bar	dwug_en	1.0		1.0							1.0	2
1055	fic_1999_45403.txt-19-31	mag_1851_525821.txt-154-28	bar	dwug_en		2.0		1.0						1.5	2
1056	fic_1999_45403.txt-19-31	mag_1854_590346.txt-70-32	bar	dwug_en			1.0	1.0						1.0	2
1058	fic_1999_45403.txt-19-31	mag_2001_416721.txt-69-0	bar	dwug_en			4.0	4.0						4.0	2
1060	fic_1999_45403.txt-19-31	mag_2004_411262.txt-218-15	bar	dwug_en			1.0	2.0						1.5	2
1061	fic_1999_45403.txt-19-31	mag_2009_406395.txt-29-42	bar	dwug_en	1.0			1.0						1.0	2
1064	fic_1999_45403.txt-19-31	news_2000_633241.txt-70-5	bar	dwug_en	4.0			3.0						3.5	2
1065	fic_1999_45403.txt-19-31	nf_1832_758144.txt-1047-14	bar	dwug_en			1.0	1.0						1.0	2
1066	fic_1999_45403.txt-19-31	nf_1841_747644.txt-1703-81	bar	dwug_en		1.0		1.0						1.0	2
1067	fic_1999_45403.txt-19-31	nf_1846_748061.txt-1284-3	bar	dwug_en		1.0		1.0						1.0	2
1068	fic_1999_45403.txt-19-31	nf_1850_748019.txt-94-1	bar	dwug_en	1.0		1.0							1.0	2
1069	fic_1999_45403.txt-19-31	nf_1856_755595.txt-1034-8	bar	dwug_en	4.0	2.0	4.0							4.0	3
1071	fic_1999_45403.txt-19-31	nf_1969_774314.txt-1846-17	bar	dwug_en	1.0			1.0						1.0	2
1072	fic_1999_45403.txt-19-31	nf_1997_746546.txt-5-2	bar	dwug_en			1.0	1.0						1.0	2
1074	fic_1999_45403.txt-19-31	nf_2001_746558.txt-31-50	bar	dwug_en		1.0		1.0						1.0	2
1076	fic_2000_13985.txt-1385-16	mag_1854_555974.txt-331-28	bar	dwug_en	1.0		1.0							1.0	2
1077	fic_2000_13985.txt-1385-16	nf_1834_747938.txt-892-30	bar	dwug_en	1.0			1.0						1.0	2
1088	fic_2000_13995.txt-480-6	mag_1989_492439.txt-6-25	bar	dwug_en	1.0	1.0								1.0	2
1090	fic_2000_13995.txt-480-6	mag_2005_396762.txt-36-69	bar	dwug_en		1.0		1.0			1.0			1.0	3
1093	fic_2000_13995.txt-480-6	news_2006_629441.txt-53-23	bar	dwug_en		2.0		4.0						3.0	2
1094	fic_2000_13995.txt-480-6	nf_1833_747716.txt-118-0	bar	dwug_en		1.0					1.0			1.0	2
1096	fic_2000_13995.txt-480-6	nf_1844_747607.txt-6839-38	bar	dwug_en	4.0			1.0						2.5	2
1097	fic_2000_13995.txt-480-6	nf_1857_753133.txt-433-14	bar	dwug_en				1.0			1.0			1.0	2
1100	fic_2000_28758.txt-3-6	fic_2005_32805.txt-98-8	bar	dwug_en	4.0			4.0						4.0	2
1101	fic_2000_28758.txt-3-6	mag_2007_390968.txt-43-4	bar	dwug_en		2.0		3.0						2.5	2
1102	fic_2000_29245.txt-31-12	mag_1828_553929.txt-364-34	attack	dwug_en	3.0	3.0								3.0	2
1106	fic_2000_29964.txt-36-7	mag_1821_553342.txt-352-17	bar	dwug_en	1.0		1.0							1.0	2
1108	fic_2000_29964.txt-36-7	mag_1854_555974.txt-331-28	bar	dwug_en			1.0	3.0						2.0	2
1110	fic_2000_30931.txt-158-27	fic_2000_52518.txt-317-5	bar	dwug_en	4.0	2.0		3.0						3.0	3
1111	fic_2000_30931.txt-158-27	mag_1821_553342.txt-352-17	bar	dwug_en	1.0		4.0	1.0						1.0	3
1112	fic_2000_38436.txt-821-29	fic_2002_47139.txt-175-11	bar	dwug_en	4.0			3.0			4.0			4.0	3
1113	fic_2000_38436.txt-821-29	mag_1854_555974.txt-331-28	bar	dwug_en		1.0	1.0							1.0	2
1115	fic_2000_52518.txt-317-5	fic_2002_47139.txt-175-11	bar	dwug_en					4.0	4.0				4.0	2
1116	fic_2000_52518.txt-317-5	fic_2004_780508.txt-1941-2	bar	dwug_en	4.0	4.0		1.0						4.0	3
1117	fic_2000_52518.txt-317-5	fic_2007_33962.txt-183-13	bar	dwug_en		2.0	3.0	3.0						3.0	3
1119	fic_2000_52518.txt-317-5	fic_2009_36731.txt-175-10	bar	dwug_en	4.0	4.0	4.0							4.0	3
1120	fic_2000_52518.txt-317-5	fic_2009_36786.txt-91-3	bar	dwug_en	4.0			4.0						4.0	2
1125	fic_2000_52518.txt-317-5	mag_1827_553787.txt-80-1	bar	dwug_en		1.0	1.0							1.0	2
1126	fic_2000_52518.txt-317-5	mag_1828_553927.txt-412-12	bar	dwug_en		1.0		1.0						1.0	2
1128	fic_2000_52518.txt-317-5	mag_1846_524077.txt-140-15	bar	dwug_en	1.0	3.0		1.0						1.0	3
1129	fic_2000_52518.txt-317-5	mag_1848_555562.txt-529-23	bar	dwug_en		1.0		1.0						1.0	2
1131	fic_2000_52518.txt-317-5	mag_1851_525821.txt-154-28	bar	dwug_en			1.0	1.0						1.0	2
1133	fic_2000_52518.txt-317-5	mag_1983_432145.txt-116-0	bar	dwug_en	4.0	2.0	4.0							4.0	3
1134	fic_2000_52518.txt-317-5	mag_1986_333553.txt-17-4	bar	dwug_en		3.0	4.0							3.5	2
1135	fic_2000_52518.txt-317-5	mag_1989_492439.txt-6-25	bar	dwug_en	1.0	2.0								1.5	2
1138	fic_2000_52518.txt-317-5	mag_2007_390968.txt-43-4	bar	dwug_en		3.0		3.0						3.0	2
1139	fic_2000_52518.txt-317-5	mag_2007_391441.txt-3-8	bar	dwug_en				3.0			4.0			3.5	2
1140	fic_2000_52518.txt-317-5	news_1979_734356.txt-17-9	bar	dwug_en	1.0	2.0	1.0	1.0						1.0	4
1141	fic_2000_52518.txt-317-5	news_1997_632266.txt-80-10	bar	dwug_en		4.0					4.0			4.0	2
1142	fic_2000_52518.txt-317-5	nf_1827_748059.txt-780-6	bar	dwug_en		1.0		2.0						1.5	2
1143	fic_2000_52518.txt-317-5	nf_1833_747463.txt-185-12	bar	dwug_en		2.0	1.0							1.5	2
1144	fic_2000_52518.txt-317-5	nf_1833_747716.txt-118-0	bar	dwug_en		2.0	1.0	1.0						1.0	3
1147	fic_2000_52518.txt-317-5	nf_1834_747938.txt-891-26	bar	dwug_en	1.0	2.0	1.0							1.0	3
1148	fic_2000_52518.txt-317-5	nf_1836_749613.txt-826-35	bar	dwug_en		2.0	1.0	3.0						2.0	3
1149	fic_2000_52518.txt-317-5	nf_1837_747882.txt-1668-34	bar	dwug_en	1.0		1.0							1.0	2
1152	fic_2000_52518.txt-317-5	nf_1846_748061.txt-1284-3	bar	dwug_en	1.0	1.0								1.0	2
1156	fic_2000_52518.txt-317-5	nf_1963_774222.txt-1117-19	bar	dwug_en	1.0	2.0	1.0							1.0	3
1157	fic_2000_52518.txt-317-5	nf_1997_746547.txt-708-17	bar	dwug_en		2.0	1.0	1.0						1.0	3
1158	fic_2000_52518.txt-317-5	nf_2001_746558.txt-31-50	bar	dwug_en		2.0	1.0							1.5	2
1160	fic_2001_13289.txt-335-18	news_1991_612479.txt-40-20	attack	dwug_en	3.0	3.0		4.0						3.0	3
1162	fic_2001_13566.txt-158-6	mag_1828_553929.txt-364-34	attack	dwug_en	4.0		3.0	2.0						3.0	3
1163	fic_2002_30623.txt-303-9	mag_1828_553929.txt-364-34	attack	dwug_en			2.0	2.0						2.0	2
1165	fic_2002_30623.txt-303-9	mag_1972_278489.txt-11-19	attack	dwug_en	4.0	4.0					4.0			4.0	3
1170	fic_2002_47139.txt-175-11	fic_2004_29885.txt-4-10	bar	dwug_en	4.0	4.0		3.0						4.0	3
1171	fic_2002_47139.txt-175-11	mag_1819_553205.txt-172-13	bar	dwug_en		1.0	1.0	1.0						1.0	3
1174	fic_2002_47139.txt-175-11	mag_1827_553811.txt-127-14	bar	dwug_en	1.0	4.0	4.0				1.0			2.5	4
1177	fic_2002_47139.txt-175-11	mag_1840_586555.txt-209-16	bar	dwug_en		1.0		1.0						1.0	2
1178	fic_2002_47139.txt-175-11	mag_1841_554975.txt-467-21	bar	dwug_en	1.0	1.0								1.0	2
1179	fic_2002_47139.txt-175-11	mag_1854_555965.txt-99-21	bar	dwug_en	1.0	1.0		1.0						1.0	3
1181	fic_2002_47139.txt-175-11	mag_1860_556997.txt-31-47	bar	dwug_en			1.0	1.0						1.0	2
1183	fic_2002_47139.txt-175-11	mag_1978_490798.txt-68-16	bar	dwug_en	1.0	3.0		3.0						3.0	3
1184	fic_2002_47139.txt-175-11	mag_2004_411262.txt-218-15	bar	dwug_en	4.0			3.0						3.5	2
1186	fic_2002_47139.txt-175-11	news_1973_731109.txt-17-5	bar	dwug_en			1.0	1.0						1.0	2
1188	fic_2002_47139.txt-175-11	news_2003_603945.txt-25-2	bar	dwug_en	1.0			3.0			1.0			1.0	3
1189	fic_2002_47139.txt-175-11	news_2007_637878.txt-23-19	bar	dwug_en	1.0		1.0							1.0	2
1190	fic_2002_47139.txt-175-11	nf_1832_758144.txt-1047-14	bar	dwug_en	1.0		1.0							1.0	2
1191	fic_2002_47139.txt-175-11	nf_1833_747716.txt-865-13	bar	dwug_en	3.0	1.0	1.0	1.0	2.0					1.0	5
1192	fic_2002_47139.txt-175-11	nf_1841_747644.txt-1703-81	bar	dwug_en	1.0		1.0	1.0						1.0	3
1194	fic_2002_47139.txt-175-11	nf_1859_747504.txt-1852-7	bar	dwug_en	1.0			1.0						1.0	2
1196	fic_2002_47139.txt-175-11	nf_1969_774314.txt-1846-17	bar	dwug_en	1.0			2.0						1.5	2
1197	fic_2002_47139.txt-175-11	nf_1996_777016.txt-84-41	bar	dwug_en	1.0			1.0						1.0	2
1198	fic_2002_47139.txt-175-11	nf_1997_746546.txt-5-2	bar	dwug_en		1.0	1.0							1.0	2
1199	fic_2002_47139.txt-175-11	nf_1997_746546.txt-7-17	bar	dwug_en		1.0	1.0	1.0						1.0	3
1200	fic_2004_29885.txt-4-10	fic_2005_32805.txt-98-8	bar	dwug_en		2.0		3.0						2.5	2
1202	fic_2004_29885.txt-4-10	news_1982_668343.txt-120-14	bar	dwug_en		1.0		1.0						1.0	2
1204	fic_2004_49050.txt-745-14	news_1991_612479.txt-40-20	attack	dwug_en	3.0	3.0		3.0						3.0	3
1205	fic_2004_780508.txt-1941-2	fic_2005_32805.txt-98-8	bar	dwug_en	4.0		4.0							4.0	2
1209	fic_2005_32805.txt-98-8	fic_2009_36731.txt-175-10	bar	dwug_en	4.0			4.0			4.0			4.0	3
1210	fic_2005_32805.txt-98-8	mag_1820_553220.txt-63-6	bar	dwug_en			4.0	1.0						2.5	2
1211	fic_2005_32805.txt-98-8	mag_1840_586555.txt-209-16	bar	dwug_en	1.0		1.0							1.0	2
1212	fic_2005_32805.txt-98-8	mag_1848_555562.txt-529-23	bar	dwug_en	1.0	1.0	1.0							1.0	3
1214	fic_2005_32805.txt-98-8	mag_1978_490798.txt-68-16	bar	dwug_en				3.0			3.0			3.0	2
1215	fic_2005_32805.txt-98-8	mag_1995_414327.txt-11-1	bar	dwug_en	1.0			2.0						1.5	2
1216	fic_2005_32805.txt-98-8	mag_2001_410379.txt-52-6	bar	dwug_en		3.0	4.0							3.5	2
1219	fic_2005_32805.txt-98-8	news_2007_637878.txt-23-19	bar	dwug_en		1.0		2.0						1.5	2
1220	fic_2005_32805.txt-98-8	nf_1833_747463.txt-185-12	bar	dwug_en	4.0	2.0	2.0							2.0	3
1221	fic_2005_32805.txt-98-8	nf_1834_747938.txt-891-26	bar	dwug_en	1.0		1.0							1.0	2
1223	fic_2005_32805.txt-98-8	nf_1837_747882.txt-1668-34	bar	dwug_en			1.0	1.0						1.0	2
1224	fic_2005_32805.txt-98-8	nf_1859_747504.txt-1852-7	bar	dwug_en	1.0	2.0	4.0							2.0	3
1226	fic_2005_32805.txt-98-8	nf_1997_746546.txt-7-17	bar	dwug_en		2.0		1.0						1.5	2
1229	fic_2007_34112.txt-95-13	nf_1839_747920.txt-1978-13	afternoon	dwug_en			4.0	4.0						4.0	2
1232	fic_2007_34119.txt-128-14	mag_1854_555974.txt-331-28	bar	dwug_en		2.0	1.0							1.5	2
1233	fic_2008_36241.txt-90-1	mag_1822_553391.txt-14-32	afternoon	dwug_en			4.0	4.0						4.0	2
1235	fic_2008_36241.txt-90-1	news_2005_666450.txt-44-2	afternoon	dwug_en		3.0	4.0	4.0						4.0	3
1238	fic_2008_36241.txt-90-1	nf_1854_750816.txt-2503-1	afternoon	dwug_en			4.0	4.0						4.0	2
1239	fic_2009_36731.txt-175-10	mag_1854_555974.txt-331-28	bar	dwug_en	1.0			1.0		1.0				1.0	3
1240	fic_2009_36731.txt-175-10	mag_1977_490785.txt-157-11	bar	dwug_en	1.0				4.0					2.5	2
1242	fic_2009_36731.txt-175-10	nf_1827_748059.txt-780-6	bar	dwug_en	1.0	2.0								1.5	2
1244	fic_2009_36778.txt-461-18	mag_1834_554263.txt-216-17	attack	dwug_en	3.0	3.0	2.0							3.0	3
1246	fic_2009_36778.txt-461-18	mag_1854_555935.txt-131-30	attack	dwug_en	2.0	2.0		2.0		3.0	2.0			2.0	5
1247	fic_2009_36778.txt-461-18	mag_1856_590811.txt-90-38	attack	dwug_en	3.0		2.0	3.0						3.0	3
1249	fic_2009_36778.txt-461-18	mag_2004_365334.txt-2-9	attack	dwug_en	3.0	3.0								3.0	2
1250	fic_2009_36778.txt-461-18	news_1964_724184.txt-2-34	attack	dwug_en	4.0			3.0						3.5	2
1251	fic_2009_36778.txt-461-18	news_1966_725841.txt-34-33	attack	dwug_en	4.0			3.0	4.0	2.0				3.5	4
1253	fic_2009_36778.txt-461-18	news_1994_606745.txt-26-26	attack	dwug_en	3.0					4.0				3.5	2
1254	fic_2009_36778.txt-461-18	nf_1829_751465.txt-2786-42	attack	dwug_en	4.0	3.0	2.0	3.0						3.0	4
1256	fic_2009_36778.txt-461-18	nf_1847_754437.txt-3107-5	attack	dwug_en	3.0		2.0	4.0						3.0	3
1257	fic_2009_36786.txt-91-3	mag_1821_553342.txt-352-17	bar	dwug_en	1.0			1.0						1.0	2
1258	fic_2009_36786.txt-91-3	mag_1854_555974.txt-331-28	bar	dwug_en		2.0	1.0							1.5	2
1263	mag_1821_553342.txt-352-17	mag_1825_553676.txt-2-14	bar	dwug_en	4.0	3.0								3.5	2
1264	mag_1821_553342.txt-352-17	mag_1827_553785.txt-135-6	bar	dwug_en	4.0	4.0		4.0						4.0	3
1270	mag_1821_553342.txt-352-17	mag_1853_590222.txt-112-20	bar	dwug_en	3.0	4.0		4.0						4.0	3
1271	mag_1821_553342.txt-352-17	mag_1854_555965.txt-99-21	bar	dwug_en	4.0	4.0		4.0						4.0	3
1272	mag_1821_553342.txt-352-17	mag_1854_555974.txt-331-28	bar	dwug_en	1.0			1.0	2.0	1.0				1.0	4
1273	mag_1821_553342.txt-352-17	mag_1977_490797.txt-632-9	bar	dwug_en	1.0			1.0						1.0	2
1274	mag_1821_553342.txt-352-17	mag_1983_432145.txt-116-0	bar	dwug_en			4.0	1.0			1.0			1.0	3
1275	mag_1821_553342.txt-352-17	mag_1989_492439.txt-6-25	bar	dwug_en	1.0	1.0	1.0							1.0	3
1276	mag_1821_553342.txt-352-17	mag_1995_414327.txt-11-1	bar	dwug_en	1.0			1.0						1.0	2
1277	mag_1821_553342.txt-352-17	mag_1996_426302.txt-31-32	bar	dwug_en	1.0			1.0						1.0	2
1278	mag_1821_553342.txt-352-17	mag_1999_408585.txt-67-25	bar	dwug_en		1.0		1.0						1.0	2
1280	mag_1821_553342.txt-352-17	mag_2005_396762.txt-36-69	bar	dwug_en		1.0		1.0						1.0	2
1282	mag_1821_553342.txt-352-17	mag_2007_391441.txt-3-8	bar	dwug_en	1.0	1.0								1.0	2
1284	mag_1821_553342.txt-352-17	news_2006_629441.txt-53-23	bar	dwug_en	1.0		1.0							1.0	2
1286	mag_1821_553342.txt-352-17	nf_1834_747621.txt-461-14	bar	dwug_en	1.0	1.0	1.0							1.0	3
1287	mag_1821_553342.txt-352-17	nf_1834_747938.txt-891-22	bar	dwug_en	1.0	2.0	1.0	1.0						1.0	4
1288	mag_1821_553342.txt-352-17	nf_1834_747938.txt-892-30	bar	dwug_en	1.0		1.0	1.0						1.0	3
1290	mag_1821_553342.txt-352-17	nf_1844_747607.txt-6839-38	bar	dwug_en	1.0			4.0						2.5	2
1291	mag_1821_553342.txt-352-17	nf_1857_753133.txt-433-14	bar	dwug_en	4.0	3.0		4.0						4.0	3
1294	mag_1822_553405.txt-347-16	news_1991_612479.txt-40-20	attack	dwug_en	3.0	3.0								3.0	2
1295	mag_1823_553456.txt-249-22	news_1966_725841.txt-34-33	attack	dwug_en	4.0		2.0	3.0			2.0			2.5	4
1296	mag_1823_553456.txt-249-22	news_1991_612479.txt-40-20	attack	dwug_en	3.0			4.0						3.5	2
1297	mag_1825_553587.txt-287-46	mag_1854_555974.txt-331-28	bar	dwug_en	1.0		1.0	1.0						1.0	3
1299	mag_1825_553609.txt-140-54	news_1967_726451.txt-39-2	attack	dwug_en		4.0	4.0	4.0						4.0	3
1300	mag_1825_553609.txt-140-54	news_1991_612479.txt-40-20	attack	dwug_en	3.0			3.0						3.0	2
1302	mag_1825_553676.txt-2-14	mag_1854_555974.txt-331-28	bar	dwug_en		1.0	1.0							1.0	2
1304	mag_1825_553676.txt-2-14	nf_1833_747463.txt-185-12	bar	dwug_en	4.0						4.0			4.0	2
1306	mag_1825_553676.txt-2-14	nf_1852_771569.txt-558-20	bar	dwug_en	1.0	1.0								1.0	2
1307	mag_1827_553785.txt-135-6	mag_1854_555974.txt-331-28	bar	dwug_en	1.0	1.0	1.0							1.0	3
1314	mag_1828_553911.txt-101-18	mag_2007_390968.txt-43-4	bar	dwug_en			1.0	1.0						1.0	2
1315	mag_1828_553911.txt-101-18	news_1982_668343.txt-120-14	bar	dwug_en	1.0	1.0		1.0						1.0	3
1318	mag_1828_553929.txt-364-34	mag_1830_554067.txt-275-32	attack	dwug_en		3.0		4.0						3.5	2
1320	mag_1828_553929.txt-364-34	mag_1832_564345.txt-180-28	attack	dwug_en				2.0			2.0			2.0	2
1322	mag_1828_553929.txt-364-34	mag_1838_554586.txt-186-30	attack	dwug_en		3.0		2.0						2.5	2
1327	mag_1828_553929.txt-364-34	mag_1840_586558.txt-81-14	attack	dwug_en	3.0			3.0						3.0	2
1328	mag_1828_553929.txt-364-34	mag_1845_555245.txt-102-19	attack	dwug_en	4.0			3.0						3.5	2
1330	mag_1828_553929.txt-364-34	mag_1846_524014.txt-303-22	attack	dwug_en	3.0	3.0		2.0			2.0			2.5	4
1331	mag_1828_553929.txt-364-34	mag_1849_525337.txt-118-18	attack	dwug_en		2.0	4.0				4.0			4.0	3
1332	mag_1828_553929.txt-364-34	mag_1853_590234.txt-200-60	attack	dwug_en		3.0		2.0						2.5	2
1333	mag_1828_553929.txt-364-34	mag_1854_555935.txt-131-30	attack	dwug_en	2.0	4.0		2.0			2.0			2.0	4
1334	mag_1828_553929.txt-364-34	mag_1856_566684.txt-393-12	attack	dwug_en	3.0	3.0								3.0	2
1336	mag_1828_553929.txt-364-34	mag_1858_506134.txt-148-19	attack	dwug_en	3.0	3.0		2.0						3.0	3
1338	mag_1828_553929.txt-364-34	mag_1962_492071.txt-8-21	attack	dwug_en	3.0	2.0	3.0	2.0						2.5	4
1340	mag_1828_553929.txt-364-34	mag_1970_282294.txt-7-3	attack	dwug_en	3.0		2.0							2.5	2
1341	mag_1828_553929.txt-364-34	mag_1970_315464.txt-8-1	attack	dwug_en		3.0		2.0			3.0			3.0	3
1343	mag_1828_553929.txt-364-34	mag_1978_318618.txt-11-36	attack	dwug_en		3.0	4.0	2.0						3.0	3
1344	mag_1828_553929.txt-364-34	mag_1980_296744.txt-5-30	attack	dwug_en		3.0	3.0							3.0	2
1345	mag_1828_553929.txt-364-34	mag_1981_295135.txt-17-16	attack	dwug_en	4.0		4.0							4.0	2
1346	mag_1828_553929.txt-364-34	mag_1981_322209.txt-3-7	attack	dwug_en				4.0					3.0	3.5	2
1347	mag_1828_553929.txt-364-34	mag_1984_299534.txt-14-19	attack	dwug_en	3.0		3.0	2.0						3.0	3
1348	mag_1828_553929.txt-364-34	mag_1990_342663.txt-0-16	attack	dwug_en	4.0	3.0	3.0	2.0						3.0	4
1349	mag_1828_553929.txt-364-34	mag_1990_397100.txt-83-6	attack	dwug_en	4.0		3.0							3.5	2
1354	mag_1828_553929.txt-364-34	mag_2002_397275.txt-24-3	attack	dwug_en		3.0	3.0							3.0	2
1355	mag_1828_553929.txt-364-34	mag_2004_365334.txt-2-9	attack	dwug_en		2.0		2.0			2.0			2.0	3
1356	mag_1828_553929.txt-364-34	mag_2005_379002.txt-22-10	attack	dwug_en		2.0					2.0			2.0	2
1357	mag_1828_553929.txt-364-34	mag_2005_379087.txt-0-11	attack	dwug_en	4.0		3.0	2.0						3.0	3
1358	mag_1828_553929.txt-364-34	news_1960_721229.txt-32-12	attack	dwug_en	4.0			4.0						4.0	2
1362	mag_1828_553929.txt-364-34	news_1967_726451.txt-39-2	attack	dwug_en				2.0			2.0			2.0	2
1363	mag_1828_553929.txt-364-34	news_1972_729986.txt-6-2	attack	dwug_en		4.0	4.0	4.0						4.0	3
1364	mag_1828_553929.txt-364-34	news_1972_730368.txt-11-20	attack	dwug_en		3.0	2.0							2.5	2
1367	mag_1828_553929.txt-364-34	news_1991_612479.txt-40-20	attack	dwug_en	3.0	3.0	3.0	2.0						3.0	4
1368	mag_1828_553929.txt-364-34	news_1992_605779.txt-41-29	attack	dwug_en	3.0	3.0		2.0						3.0	3
1369	mag_1828_553929.txt-364-34	news_1997_611600.txt-65-2	attack	dwug_en			3.0	2.0			2.0			2.0	3
1371	mag_1828_553929.txt-364-34	news_2004_640221.txt-13-20	attack	dwug_en	3.0	2.0	3.0							3.0	3
1373	mag_1828_553929.txt-364-34	nf_1824_747448.txt-3506-12	attack	dwug_en		3.0	3.0							3.0	2
1376	mag_1828_553929.txt-364-34	nf_1832_758144.txt-1353-3	attack	dwug_en	3.0			2.0			2.0			2.0	3
1378	mag_1828_553929.txt-364-34	nf_1840_768793.txt-1045-33	attack	dwug_en		3.0	4.0							3.5	2
1379	mag_1828_553929.txt-364-34	nf_1841_762742.txt-1051-5	attack	dwug_en	3.0	2.0		2.0				4.0		2.5	4
1381	mag_1828_553929.txt-364-34	nf_1844_749098.txt-536-37	attack	dwug_en	4.0			2.0			2.0			2.0	3
1382	mag_1828_553929.txt-364-34	nf_1845_747928.txt-826-66	attack	dwug_en	3.0		4.0	2.0						3.0	3
1384	mag_1828_553929.txt-364-34	nf_1849_772497.txt-842-8	attack	dwug_en	3.0			2.0						2.5	2
1385	mag_1828_553929.txt-364-34	nf_1859_747415.txt-25-18	attack	dwug_en	4.0	2.0	4.0	2.0			4.0			4.0	5
1386	mag_1828_553929.txt-364-34	nf_1975_773861.txt-1436-17	attack	dwug_en	3.0	3.0								3.0	2
1387	mag_1828_553929.txt-364-34	nf_2001_746295.txt-103-27	attack	dwug_en		3.0		2.0						2.5	2
1388	mag_1828_553929.txt-364-34	nf_2004_775819.txt-7-21	attack	dwug_en		2.0		2.0						2.0	2
1389	mag_1828_553929.txt-364-34	nf_2008_774816.txt-78-20	attack	dwug_en	4.0		3.0							3.5	2
1391	mag_1832_564239.txt-203-30	news_1998_626765.txt-4-8	attack	dwug_en	4.0			4.0						4.0	2
1392	mag_1832_564307.txt-140-16	news_1982_671107.txt-19-96	attack	dwug_en	4.0	4.0								4.0	2
1393	mag_1832_564307.txt-140-16	news_1991_612479.txt-40-20	attack	dwug_en	3.0	3.0								3.0	2
1394	mag_1832_564345.txt-180-28	mag_1990_342663.txt-0-16	attack	dwug_en				4.0				4.0		4.0	2
1400	mag_1835_554346.txt-252-23	mag_1854_555974.txt-331-28	bar	dwug_en			1.0	1.0						1.0	2
1404	mag_1838_554638.txt-13-21	news_1991_612479.txt-40-20	attack	dwug_en	3.0	3.0								3.0	2
1406	mag_1838_586203.txt-253-10	mag_2002_398773.txt-149-9	attack	dwug_en				2.0					3.0	2.5	2
1409	mag_1840_586558.txt-356-49	news_1998_626765.txt-4-8	attack	dwug_en	4.0	4.0								4.0	2
1410	mag_1840_586558.txt-81-14	mag_1845_555245.txt-299-1	attack	dwug_en	3.0	3.0								3.0	2
1411	mag_1841_554917.txt-240-4	mag_2007_390968.txt-43-4	bar	dwug_en	1.0			1.0						1.0	2
1416	mag_1841_554975.txt-467-21	nf_1969_774314.txt-1305-14	bar	dwug_en				2.0			2.0			2.0	2
1418	mag_1843_555150.txt-426-40	mag_2007_390968.txt-43-4	bar	dwug_en		1.0		1.0						1.0	2
1419	mag_1843_555150.txt-426-40	nf_1857_753133.txt-433-14	bar	dwug_en	3.0			4.0						3.5	2
1421	mag_1843_565272.txt-372-29	mag_2007_390968.txt-43-4	bar	dwug_en			1.0	1.0						1.0	2
1422	mag_1845_555245.txt-102-19	mag_1845_555245.txt-299-1	attack	dwug_en		3.0	4.0							3.5	2
1423	mag_1845_555245.txt-299-1	mag_1999_397639.txt-186-35	attack	dwug_en		3.0	2.0	3.0						3.0	3
1424	mag_1845_555245.txt-299-1	mag_2000_368897.txt-14-26	attack	dwug_en	3.0	2.0	2.0	2.0			2.0			2.0	5
1426	mag_1845_555245.txt-299-1	mag_2001_416183.txt-158-8	attack	dwug_en	2.0	2.0		3.0						2.0	3
1427	mag_1845_555245.txt-299-1	news_1967_726451.txt-39-2	attack	dwug_en	3.0			2.0		4.0				3.0	3
1429	mag_1845_555245.txt-299-1	news_1991_612479.txt-40-20	attack	dwug_en	2.0	3.0			4.0					3.0	3
1430	mag_1845_555245.txt-299-1	news_1994_606745.txt-26-26	attack	dwug_en	3.0			3.0						3.0	2
1432	mag_1846_524014.txt-26-2	mag_1854_555935.txt-131-30	attack	dwug_en		3.0		3.0						3.0	2
1434	mag_1846_524014.txt-26-2	news_1991_612479.txt-40-20	attack	dwug_en	3.0		4.0							3.5	2
1435	mag_1846_524014.txt-26-2	nf_1829_751465.txt-2786-42	attack	dwug_en				4.0				3.0		3.5	2
1444	mag_1849_525337.txt-118-18	mag_1854_555935.txt-131-30	attack	dwug_en	4.0	2.0	3.0	2.0						2.5	4
1447	mag_1850_589167.txt-126-1	news_1991_612479.txt-40-20	attack	dwug_en	3.0	3.0	3.0							3.0	3
1448	mag_1850_589167.txt-126-1	nf_1982_774241.txt-1410-26	attack	dwug_en								3.0	1.0	2.0	2
1450	mag_1850_589456.txt-285-8	mag_2007_390968.txt-43-4	bar	dwug_en		1.0		1.0						1.0	2
1453	mag_1851_525821.txt-154-28	mag_1854_555974.txt-331-28	bar	dwug_en			1.0	2.0						1.5	2
1455	mag_1853_590163.txt-199-32	mag_2005_379002.txt-22-10	attack	dwug_en	3.0						4.0			3.5	2
1456	mag_1853_590163.txt-199-32	news_1991_612479.txt-40-20	attack	dwug_en		3.0	3.0							3.0	2
1457	mag_1853_590222.txt-112-20	mag_1854_555974.txt-331-28	bar	dwug_en	1.0	1.0		1.0						1.0	3
1459	mag_1853_590222.txt-112-20	nf_1969_774314.txt-1846-17	bar	dwug_en		1.0					1.0			1.0	2
1462	mag_1853_590234.txt-200-60	news_1982_671107.txt-19-96	attack	dwug_en		3.0	4.0							3.5	2
1463	mag_1854_555935.txt-131-30	news_1961_722130.txt-4-23	attack	dwug_en	4.0		2.0	3.0						3.0	3
1464	mag_1854_555935.txt-131-30	news_1982_671107.txt-19-96	attack	dwug_en	2.0		3.0	3.0						3.0	3
1466	mag_1854_555935.txt-131-30	nf_1962_773607.txt-311-2	attack	dwug_en	3.0	2.0		3.0						3.0	3
1468	mag_1854_555935.txt-131-30	nf_1994_773891.txt-987-21	attack	dwug_en		3.0	4.0							3.5	2
1469	mag_1854_555965.txt-99-21	mag_1854_555974.txt-331-28	bar	dwug_en	1.0	1.0								1.0	2
1471	mag_1854_555965.txt-99-21	mag_2004_411262.txt-218-15	bar	dwug_en		3.0					1.0			2.0	2
1472	mag_1854_555965.txt-99-21	news_1973_731109.txt-17-5	bar	dwug_en				4.0			3.0			3.5	2
1473	mag_1854_555965.txt-99-21	news_2007_637878.txt-23-19	bar	dwug_en		1.0					1.0			1.0	2
1476	mag_1854_555965.txt-99-21	nf_1969_774314.txt-1242-6	bar	dwug_en	1.0	1.0								1.0	2
1479	mag_1854_555974.txt-331-28	mag_1854_590346.txt-70-32	bar	dwug_en	1.0		1.0	1.0						1.0	3
1484	mag_1854_555974.txt-331-28	mag_1995_414327.txt-11-1	bar	dwug_en	1.0	2.0								1.5	2
1488	mag_1854_555974.txt-331-28	mag_2009_406395.txt-29-42	bar	dwug_en	3.0		1.0				3.0			3.0	3
1489	mag_1854_555974.txt-331-28	news_1973_731109.txt-17-5	bar	dwug_en	1.0	1.0								1.0	2
1490	mag_1854_555974.txt-331-28	news_1979_734356.txt-17-9	bar	dwug_en		2.0	1.0	1.0						1.0	3
1491	mag_1854_555974.txt-331-28	news_1982_668343.txt-120-14	bar	dwug_en		3.0		3.0						3.0	2
1492	mag_1854_555974.txt-331-28	news_1997_632266.txt-80-10	bar	dwug_en	1.0		1.0							1.0	2
1496	mag_1854_555974.txt-331-28	nf_1833_747716.txt-865-13	bar	dwug_en	1.0			1.0						1.0	2
1499	mag_1854_555974.txt-331-28	nf_1834_747938.txt-891-22	bar	dwug_en			1.0	2.0						1.5	2
1500	mag_1854_555974.txt-331-28	nf_1834_747938.txt-891-26	bar	dwug_en	1.0	1.0		1.0						1.0	3
1501	mag_1854_555974.txt-331-28	nf_1834_747938.txt-892-30	bar	dwug_en	1.0	2.0								1.5	2
1503	mag_1854_555974.txt-331-28	nf_1841_747644.txt-1703-81	bar	dwug_en			1.0	1.0						1.0	2
1504	mag_1854_555974.txt-331-28	nf_1844_747607.txt-3721-35	bar	dwug_en	4.0						3.0			3.5	2
1507	mag_1854_555974.txt-331-28	nf_1850_748019.txt-94-1	bar	dwug_en		4.0		3.0			4.0			4.0	3
1508	mag_1854_555974.txt-331-28	nf_1852_771569.txt-558-20	bar	dwug_en	1.0			1.0		2.0				1.0	3
1510	mag_1854_555974.txt-331-28	nf_1857_753133.txt-433-14	bar	dwug_en		1.0	1.0							1.0	2
1511	mag_1854_555974.txt-331-28	nf_1859_747504.txt-1852-7	bar	dwug_en		1.0	1.0							1.0	2
1512	mag_1854_555974.txt-331-28	nf_1963_774222.txt-1117-19	bar	dwug_en			1.0	1.0						1.0	2
1515	mag_1854_555974.txt-331-28	nf_1996_777016.txt-84-41	bar	dwug_en	1.0	1.0								1.0	2
1519	mag_1855_556005.txt-194-2	mag_1964_312091.txt-0-4	afternoon	dwug_en	4.0		2.0	4.0						4.0	3
1520	mag_1855_556005.txt-194-2	nf_1834_755185.txt-2925-9	afternoon	dwug_en					4.0	4.0				4.0	2
1521	mag_1855_556005.txt-194-2	nf_1854_747477.txt-3338-37	afternoon	dwug_en	4.0	3.0								3.5	2
1525	mag_1856_566684.txt-393-12	news_1967_726451.txt-39-2	attack	dwug_en		3.0	4.0							3.5	2
1529	mag_1968_212735.txt-7-17	news_1991_612479.txt-40-20	attack	dwug_en	4.0	2.0		3.0			2.0			2.5	4
1531	mag_1970_282294.txt-7-3	news_1967_726451.txt-39-2	attack	dwug_en	4.0		1.0	3.0						3.0	3
1533	mag_1972_278489.txt-11-19	mag_2005_379095.txt-6-29	attack	dwug_en								3.0	1.0	2.0	2
1535	mag_1972_278489.txt-11-19	nf_1841_762742.txt-1051-5	attack	dwug_en				2.0					2.0	2.0	2
1537	mag_1977_490785.txt-157-11	mag_2007_390968.txt-43-4	bar	dwug_en	1.0			1.0		3.0				1.0	3
1538	mag_1977_490785.txt-157-11	nf_1852_771569.txt-558-20	bar	dwug_en				1.0		1.0				1.0	2
1539	mag_1977_490789.txt-112-14	mag_2007_390968.txt-43-4	bar	dwug_en		1.0		1.0						1.0	2
1540	mag_1977_490789.txt-112-14	news_1997_632266.txt-80-10	bar	dwug_en	1.0						1.0			1.0	2
1541	mag_1977_490789.txt-112-14	nf_1834_747938.txt-891-22	bar	dwug_en	2.0						2.0			2.0	2
1544	mag_1980_296543.txt-17-11	news_1991_612479.txt-40-20	attack	dwug_en	4.0			3.0						3.5	2
1547	mag_1980_491790.txt-342-2	nf_1857_753133.txt-1759-5	afternoon	dwug_en					4.0	4.0				4.0	2
1548	mag_1981_322209.txt-3-7	mag_2002_371999.txt-12-46	attack	dwug_en	4.0	3.0	4.0							4.0	3
1549	mag_1981_322209.txt-3-7	news_1967_726451.txt-39-2	attack	dwug_en	4.0		4.0							4.0	2
1550	mag_1981_322209.txt-3-7	news_1991_612479.txt-40-20	attack	dwug_en	3.0			2.0						2.5	2
1551	mag_1982_490856.txt-85-5	news_1966_725841.txt-34-33	attack	dwug_en		2.0	2.0	3.0			2.0			2.0	4
1552	mag_1982_490856.txt-85-5	news_1991_612479.txt-40-20	attack	dwug_en			3.0	4.0						3.5	2
1554	mag_1986_432304.txt-168-36	news_1991_612479.txt-40-20	attack	dwug_en			3.0	3.0						3.0	2
1556	mag_1989_492439.txt-6-25	nf_1834_747634.txt-3663-54	bar	dwug_en		2.0	1.0							1.5	2
1566	mag_1999_408585.txt-67-25	news_1973_731109.txt-17-5	bar	dwug_en	1.0			1.0						1.0	2
1571	mag_2001_412321.txt-16-4	news_1991_612479.txt-40-20	attack	dwug_en			3.0	3.0						3.0	2
1573	mag_2001_416721.txt-69-0	mag_2007_390968.txt-43-4	bar	dwug_en	3.0	2.0		4.0						3.0	3
1574	mag_2002_371999.txt-12-46	news_1991_612479.txt-40-20	attack	dwug_en		4.0		3.0						3.5	2
1575	mag_2002_371999.txt-12-46	nf_1844_749098.txt-1617-40	attack	dwug_en	4.0	4.0	4.0							4.0	3
1578	mag_2002_387140.txt-2-2	news_1991_612479.txt-40-20	attack	dwug_en	3.0			3.0						3.0	2
1580	mag_2002_398773.txt-149-9	news_1991_612479.txt-40-20	attack	dwug_en	3.0			3.0				4.0		3.0	3
1581	mag_2002_416592.txt-45-2	mag_2007_390968.txt-43-4	bar	dwug_en	1.0	1.0								1.0	2
1586	mag_2004_411262.txt-218-15	nf_1846_748061.txt-1284-3	bar	dwug_en	2.0			2.0			1.0			2.0	3
1587	mag_2005_379095.txt-6-29	news_1991_612479.txt-40-20	attack	dwug_en		3.0		3.0						3.0	2
1588	mag_2005_379095.txt-6-29	news_1994_606745.txt-26-26	attack	dwug_en		4.0	4.0							4.0	2
1589	mag_2005_396762.txt-36-69	mag_2007_390968.txt-43-4	bar	dwug_en	1.0	2.0								1.5	2
1591	mag_2005_396762.txt-36-69	nf_1857_753133.txt-433-14	bar	dwug_en		1.0		1.0						1.0	2
1592	mag_2005_397463.txt-63-5	news_1967_726451.txt-39-2	attack	dwug_en		4.0		4.0						4.0	2
1593	mag_2005_397463.txt-63-5	news_1991_612479.txt-40-20	attack	dwug_en	4.0	3.0								3.5	2
1595	mag_2005_417079.txt-188-8	news_1991_612479.txt-40-20	attack	dwug_en	3.0	3.0								3.0	2
1600	mag_2007_387325.txt-12-20	news_1991_612479.txt-40-20	attack	dwug_en		2.0	3.0	3.0						3.0	3
1603	mag_2007_390968.txt-43-4	mag_2007_391441.txt-3-8	bar	dwug_en	2.0			4.0						3.0	2
1605	mag_2007_390968.txt-43-4	news_1982_668343.txt-120-14	bar	dwug_en		1.0	1.0	1.0						1.0	3
1621	mag_2009_406395.txt-29-42	nf_1857_753133.txt-433-14	bar	dwug_en	1.0			1.0						1.0	2
1625	news_1961_722130.txt-4-23	nf_1844_749098.txt-1617-40	attack	dwug_en								3.0	2.0	2.5	2
1627	news_1965_724563.txt-1-1	news_1991_612479.txt-40-20	attack	dwug_en		3.0					2.0			2.5	2
1630	news_1966_725841.txt-34-33	news_1982_671107.txt-19-96	attack	dwug_en				4.0	4.0					4.0	2
1632	news_1966_725841.txt-34-33	nf_2001_746295.txt-103-27	attack	dwug_en	3.0		4.0							3.5	2
1633	news_1966_725841.txt-34-33	nf_2001_746877.txt-82-18	attack	dwug_en		2.0		3.0			2.0			2.0	3
1634	news_1967_726451.txt-39-2	news_1998_626765.txt-4-8	attack	dwug_en					4.0	4.0				4.0	2
1635	news_1967_726451.txt-39-2	nf_1832_758144.txt-1353-3	attack	dwug_en	4.0	3.0								3.5	2
1637	news_1967_726451.txt-39-2	nf_1977_773747.txt-57-27	attack	dwug_en	4.0	4.0	2.0							4.0	3
1638	news_1967_726451.txt-39-2	nf_2004_775819.txt-7-21	attack	dwug_en		4.0	4.0							4.0	2
1639	news_1968_727226.txt-22-9	news_1991_612479.txt-40-20	attack	dwug_en	3.0		4.0	2.0						3.0	3
1640	news_1968_727226.txt-22-9	news_1994_606745.txt-26-26	attack	dwug_en		3.0		3.0						3.0	2
1642	news_1971_729575.txt-35-24	nf_1849_762578.txt-1803-0	afternoon	dwug_en	4.0	4.0	4.0							4.0	3
1644	news_1977_733365.txt-24-10	news_1991_612479.txt-40-20	attack	dwug_en	3.0			3.0						3.0	2
1653	news_1984_670941.txt-14-43	news_1997_611600.txt-65-2	attack	dwug_en				4.0				3.0		3.5	2
1654	news_1986_670444.txt-28-17	news_1991_612479.txt-40-20	attack	dwug_en	3.0		3.0							3.0	2
1656	news_1987_669591.txt-19-7	news_1994_606745.txt-26-26	attack	dwug_en	4.0	3.0	4.0							4.0	3
1657	news_1987_670531.txt-11-7	news_1991_612479.txt-40-20	attack	dwug_en		3.0		3.0						3.0	2
1659	news_1989_669714.txt-32-21	news_1991_612479.txt-40-20	attack	dwug_en		3.0	2.0				3.0			3.0	3
1661	news_1991_612479.txt-40-20	news_2001_661977.txt-17-13	attack	dwug_en	3.0	4.0								3.5	2
1663	news_1991_612479.txt-40-20	nf_1836_747718.txt-1726-17	attack	dwug_en		3.0		3.0						3.0	2
1664	news_1991_612479.txt-40-20	nf_1836_747779.txt-1982-14	attack	dwug_en		3.0	3.0							3.0	2
1667	news_1991_612479.txt-40-20	nf_1845_748321.txt-2041-23	attack	dwug_en	3.0			3.0						3.0	2
1668	news_1991_612479.txt-40-20	nf_1847_754437.txt-1509-47	attack	dwug_en	3.0		4.0	3.0						3.0	3
1669	news_1991_612479.txt-40-20	nf_1962_773607.txt-311-2	attack	dwug_en	3.0			3.0						3.0	2
1671	news_1991_612479.txt-40-20	nf_1966_773935.txt-336-23	attack	dwug_en	3.0	3.0	4.0							3.0	3
1673	news_1991_612479.txt-40-20	nf_1977_773747.txt-57-27	attack	dwug_en		3.0	3.0							3.0	2
1675	news_1991_612479.txt-40-20	nf_1994_773891.txt-987-21	attack	dwug_en	3.0			4.0						3.5	2
1676	news_1991_612479.txt-40-20	nf_2001_746877.txt-82-18	attack	dwug_en	3.0		3.0							3.0	2
1679	news_1994_606745.txt-26-26	nf_1821_749178.txt-186-12	attack	dwug_en	4.0	3.0	3.0	4.0						3.5	4
1680	news_1994_606745.txt-26-26	nf_1841_762742.txt-1051-5	attack	dwug_en			4.0	4.0						4.0	2
1683	news_1998_626765.txt-4-8	news_2001_661977.txt-17-13	attack	dwug_en	3.0		4.0	3.0						3.0	3
1684	news_1998_626765.txt-4-8	news_2001_661984.txt-79-12	attack	dwug_en	4.0		4.0							4.0	2
1686	news_2001_661977.txt-17-13	news_2004_640221.txt-13-20	attack	dwug_en				3.0			2.0	4.0		3.0	3
1703	nf_1844_749098.txt-536-37	nf_2001_746295.txt-103-27	attack	dwug_en								4.0	4.0	4.0	2
1706	nf_1849_749269.txt-111-33	nf_1857_753133.txt-1759-5	afternoon	dwug_en	4.0		4.0							4.0	2
1707	nf_1849_749269.txt-547-35	nf_2006_776561.txt-30-8	afternoon	dwug_en	4.0		4.0	4.0						4.0	3
1708	nf_1849_762578.txt-1803-0	nf_1851_771607.txt-2494-73	afternoon	dwug_en	4.0		4.0							4.0	2
1709	nf_1857_753133.txt-1759-5	nf_1970_774329.txt-642-27	afternoon	dwug_en	4.0	3.0								3.5	2
